GallonsPer100Miles,GallonsPer100MilesTo1981,MPG,Cylinders,Displacement100ci,Horsepower100,Weight1000lb,Seconds0to60,Year,Year70To81,Origin,Origin.Eq.1,Origin.Eq.2,Origin.Eq.3,Name
5.6,5.6,18,8,3.07,1.3,3.504,12,70,1,1,1,0,0,chevrolet chevelle malibu
6.7,6.7,15,8,3.5,1.65,3.693,11.5,70,1,1,1,0,0,buick skylark 320
5.6,5.6,18,8,3.18,1.5,3.436,11,70,1,1,1,0,0,plymouth satellite
6.3,6.3,16,8,3.04,1.5,3.433,12,70,1,1,1,0,0,amc rebel sst
5.9,5.9,17,8,3.02,1.4,3.449,10.5,70,1,1,1,0,0,ford torino
6.7,6.7,15,8,4.29,1.98,4.341,10,70,1,1,1,0,0,ford galaxie 500
7.1,7.1,14,8,4.54,2.2,4.354,9,70,1,1,1,0,0,chevrolet impala
7.1,7.1,14,8,4.4,2.15,4.312,8.5,70,1,1,1,0,0,plymouth fury iii
7.1,7.1,14,8,4.55,2.25,4.425,10,70,1,1,1,0,0,pontiac catalina
6.7,6.7,15,8,3.9,1.9,3.85,8.5,70,1,1,1,0,0,amc ambassador dpl
6.7,6.7,15,8,3.83,1.7,3.563,10,70,1,1,1,0,0,dodge challenger se
7.1,7.1,14,8,3.4,1.6,3.609,8,70,1,1,1,0,0,plymouth 'cuda 340
6.7,6.7,15,8,4,1.5,3.761,9.5,70,1,1,1,0,0,chevrolet monte carlo
7.1,7.1,14,8,4.55,2.25,3.086,10,70,1,1,1,0,0,buick estate wagon (sw)
4.2,4.2,24,4,1.13,0.95,2.372,15,70,1,3,0,0,1,toyota corona mark ii
4.5,4.5,22,6,1.98,0.95,2.833,15.5,70,1,1,1,0,0,plymouth duster
5.6,5.6,18,6,1.99,0.97,2.774,15.5,70,1,1,1,0,0,amc hornet
4.8,4.8,21,6,2,0.85,2.587,16,70,1,1,1,0,0,ford maverick
3.7,3.7,27,4,0.97,0.88,2.13,14.5,70,1,3,0,0,1,datsun pl510
3.8,3.8,26,4,0.97,0.46,1.835,20.5,70,1,2,0,1,0,volkswagen 1131 deluxe sedan
4.0,4.0,25,4,1.1,0.87,2.672,17.5,70,1,2,0,1,0,peugeot 504
4.2,4.2,24,4,1.07,0.9,2.43,14.5,70,1,2,0,1,0,audi 100 ls
4.0,4.0,25,4,1.04,0.95,2.375,17.5,70,1,2,0,1,0,saab 99e
3.8,3.8,26,4,1.21,1.13,2.234,12.5,70,1,2,0,1,0,bmw 2002
4.8,4.8,21,6,1.99,0.9,2.648,15,70,1,1,1,0,0,amc gremlin
10.0,10.0,10,8,3.6,2.15,4.615,14,70,1,1,1,0,0,ford f250
10.0,10.0,10,8,3.07,2,4.376,15,70,1,1,1,0,0,chevy c20
9.1,9.1,11,8,3.18,2.1,4.382,13.5,70,1,1,1,0,0,dodge d200
11.1,11.1,9,8,3.04,1.93,4.732,18.5,70,1,1,1,0,0,hi 1200d
3.7,3.7,27,4,0.97,0.88,2.13,14.5,71,1,3,0,0,1,datsun pl510
3.6,3.6,28,4,1.4,0.9,2.264,15.5,71,1,1,1,0,0,chevrolet vega 2300
4.0,4.0,25,4,1.13,0.95,2.228,14,71,1,3,0,0,1,toyota corona
5.3,5.3,19,6,2.32,1,2.634,13,71,1,1,1,0,0,amc gremlin
6.3,6.3,16,6,2.25,1.05,3.439,15.5,71,1,1,1,0,0,plymouth satellite custom
5.9,5.9,17,6,2.5,1,3.329,15.5,71,1,1,1,0,0,chevrolet chevelle malibu
5.3,5.3,19,6,2.5,0.88,3.302,15.5,71,1,1,1,0,0,ford torino 500
5.6,5.6,18,6,2.32,1,3.288,15.5,71,1,1,1,0,0,amc matador
7.1,7.1,14,8,3.5,1.65,4.209,12,71,1,1,1,0,0,chevrolet impala
7.1,7.1,14,8,4,1.75,4.464,11.5,71,1,1,1,0,0,pontiac catalina brougham
7.1,7.1,14,8,3.51,1.53,4.154,13.5,71,1,1,1,0,0,ford galaxie 500
7.1,7.1,14,8,3.18,1.5,4.096,13,71,1,1,1,0,0,plymouth fury iii
8.3,8.3,12,8,3.83,1.8,4.955,11.5,71,1,1,1,0,0,dodge monaco (sw)
7.7,7.7,13,8,4,1.7,4.746,12,71,1,1,1,0,0,ford country squire (sw)
7.7,7.7,13,8,4,1.75,5.14,12,71,1,1,1,0,0,pontiac safari (sw)
5.6,5.6,18,6,2.58,1.1,2.962,13.5,71,1,1,1,0,0,amc hornet sportabout (sw)
4.5,4.5,22,4,1.4,0.72,2.408,19,71,1,1,1,0,0,chevrolet vega (sw)
5.3,5.3,19,6,2.5,1,3.282,15,71,1,1,1,0,0,pontiac firebird
5.6,5.6,18,6,2.5,0.88,3.139,14.5,71,1,1,1,0,0,ford mustang
4.3,4.3,23,4,1.22,0.86,2.22,14,71,1,1,1,0,0,mercury capri 2000
3.6,3.6,28,4,1.16,0.9,2.123,14,71,1,2,0,1,0,opel 1900
3.3,3.3,30,4,0.79,0.7,2.074,19.5,71,1,2,0,1,0,peugeot 304
3.3,3.3,30,4,0.88,0.76,2.065,14.5,71,1,2,0,1,0,fiat 124b
3.2,3.2,31,4,0.71,0.65,1.773,19,71,1,3,0,0,1,toyota corolla 1200
2.9,2.9,35,4,0.72,0.69,1.613,18,71,1,3,0,0,1,datsun 1200
3.7,3.7,27,4,0.97,0.6,1.834,19,71,1,2,0,1,0,volkswagen model 111
3.8,3.8,26,4,0.91,0.7,1.955,20.5,71,1,1,1,0,0,plymouth cricket
4.2,4.2,24,4,1.13,0.95,2.278,15.5,72,1,3,0,0,1,toyota corona hardtop
4.0,4.0,25,4,0.975,0.8,2.126,17,72,1,1,1,0,0,dodge colt hardtop
4.3,4.3,23,4,0.97,0.54,2.254,23.5,72,1,2,0,1,0,volkswagen type 3
5.0,5.0,20,4,1.4,0.9,2.408,19.5,72,1,1,1,0,0,chevrolet vega
4.8,4.8,21,4,1.22,0.86,2.226,16.5,72,1,1,1,0,0,ford pinto runabout
7.7,7.7,13,8,3.5,1.65,4.274,12,72,1,1,1,0,0,chevrolet impala
7.1,7.1,14,8,4,1.75,4.385,12,72,1,1,1,0,0,pontiac catalina
6.7,6.7,15,8,3.18,1.5,4.135,13.5,72,1,1,1,0,0,plymouth fury iii
7.1,7.1,14,8,3.51,1.53,4.129,13,72,1,1,1,0,0,ford galaxie 500
5.9,5.9,17,8,3.04,1.5,3.672,11.5,72,1,1,1,0,0,amc ambassador sst
9.1,9.1,11,8,4.29,2.08,4.633,11,72,1,1,1,0,0,mercury marquis
7.7,7.7,13,8,3.5,1.55,4.502,13.5,72,1,1,1,0,0,buick lesabre custom
8.3,8.3,12,8,3.5,1.6,4.456,13.5,72,1,1,1,0,0,oldsmobile delta 88 royale
7.7,7.7,13,8,4,1.9,4.422,12.5,72,1,1,1,0,0,chrysler newport royal
5.3,5.3,19,3,0.7,0.97,2.33,13.5,72,1,3,0,0,1,mazda rx2 coupe
6.7,6.7,15,8,3.04,1.5,3.892,12.5,72,1,1,1,0,0,amc matador (sw)
7.7,7.7,13,8,3.07,1.3,4.098,14,72,1,1,1,0,0,chevrolet chevelle concours (sw)
7.7,7.7,13,8,3.02,1.4,4.294,16,72,1,1,1,0,0,ford gran torino (sw)
7.1,7.1,14,8,3.18,1.5,4.077,14,72,1,1,1,0,0,plymouth satellite custom (sw)
5.6,5.6,18,4,1.21,1.12,2.933,14.5,72,1,2,0,1,0,volvo 145e (sw)
4.5,4.5,22,4,1.21,0.76,2.511,18,72,1,2,0,1,0,volkswagen 411 (sw)
4.8,4.8,21,4,1.2,0.87,2.979,19.5,72,1,2,0,1,0,peugeot 504 (sw)
3.8,3.8,26,4,0.96,0.69,2.189,18,72,1,2,0,1,0,renault 12 (sw)
4.5,4.5,22,4,1.22,0.86,2.395,16,72,1,1,1,0,0,ford pinto (sw)
3.6,3.6,28,4,0.97,0.92,2.288,17,72,1,3,0,0,1,datsun 510 (sw)
4.3,4.3,23,4,1.2,0.97,2.506,14.5,72,1,3,0,0,1,toyouta corona mark ii (sw)
3.6,3.6,28,4,0.98,0.8,2.164,15,72,1,1,1,0,0,dodge colt (sw)
3.7,3.7,27,4,0.97,0.88,2.1,16.5,72,1,3,0,0,1,toyota corolla 1600 (sw)
7.7,7.7,13,8,3.5,1.75,4.1,13,73,1,1,1,0,0,buick century 350
7.1,7.1,14,8,3.04,1.5,3.672,11.5,73,1,1,1,0,0,amc matador
7.7,7.7,13,8,3.5,1.45,3.988,13,73,1,1,1,0,0,chevrolet malibu
7.1,7.1,14,8,3.02,1.37,4.042,14.5,73,1,1,1,0,0,ford gran torino
6.7,6.7,15,8,3.18,1.5,3.777,12.5,73,1,1,1,0,0,dodge coronet custom
8.3,8.3,12,8,4.29,1.98,4.952,11.5,73,1,1,1,0,0,mercury marquis brougham
7.7,7.7,13,8,4,1.5,4.464,12,73,1,1,1,0,0,chevrolet caprice classic
7.7,7.7,13,8,3.51,1.58,4.363,13,73,1,1,1,0,0,ford ltd
7.1,7.1,14,8,3.18,1.5,4.237,14.5,73,1,1,1,0,0,plymouth fury gran sedan
7.7,7.7,13,8,4.4,2.15,4.735,11,73,1,1,1,0,0,chrysler new yorker brougham
8.3,8.3,12,8,4.55,2.25,4.951,11,73,1,1,1,0,0,buick electra 225 custom
7.7,7.7,13,8,3.6,1.75,3.821,11,73,1,1,1,0,0,amc ambassador brougham
5.6,5.6,18,6,2.25,1.05,3.121,16.5,73,1,1,1,0,0,plymouth valiant
6.3,6.3,16,6,2.5,1,3.278,18,73,1,1,1,0,0,chevrolet nova custom
5.6,5.6,18,6,2.32,1,2.945,16,73,1,1,1,0,0,amc hornet
5.6,5.6,18,6,2.5,0.88,3.021,16.5,73,1,1,1,0,0,ford maverick
4.3,4.3,23,6,1.98,0.95,2.904,16,73,1,1,1,0,0,plymouth duster
3.8,3.8,26,4,0.97,0.46,1.95,21,73,1,2,0,1,0,volkswagen super beetle
9.1,9.1,11,8,4,1.5,4.997,14,73,1,1,1,0,0,chevrolet impala
8.3,8.3,12,8,4,1.67,4.906,12.5,73,1,1,1,0,0,ford country
7.7,7.7,13,8,3.6,1.7,4.654,13,73,1,1,1,0,0,plymouth custom suburb
8.3,8.3,12,8,3.5,1.8,4.499,12.5,73,1,1,1,0,0,oldsmobile vista cruiser
5.6,5.6,18,6,2.32,1,2.789,15,73,1,1,1,0,0,amc gremlin
5.0,5.0,20,4,0.97,0.88,2.279,19,73,1,3,0,0,1,toyota carina
4.8,4.8,21,4,1.4,0.72,2.401,19.5,73,1,1,1,0,0,chevrolet vega
4.5,4.5,22,4,1.08,0.94,2.379,16.5,73,1,3,0,0,1,datsun 610
5.6,5.6,18,3,0.7,0.9,2.124,13.5,73,1,3,0,0,1,maxda rx3
5.3,5.3,19,4,1.22,0.85,2.31,18.5,73,1,1,1,0,0,ford pinto
4.8,4.8,21,6,1.55,1.07,2.472,14,73,1,1,1,0,0,mercury capri v6
3.8,3.8,26,4,0.98,0.9,2.265,15.5,73,1,2,0,1,0,fiat 124 sport coupe
6.7,6.7,15,8,3.5,1.45,4.082,13,73,1,1,1,0,0,chevrolet monte carlo s
6.3,6.3,16,8,4,2.3,4.278,9.5,73,1,1,1,0,0,pontiac grand prix
3.4,3.4,29,4,0.68,0.49,1.867,19.5,73,1,2,0,1,0,fiat 128
4.2,4.2,24,4,1.16,0.75,2.158,15.5,73,1,2,0,1,0,opel manta
5.0,5.0,20,4,1.14,0.91,2.582,14,73,1,2,0,1,0,audi 100ls
5.3,5.3,19,4,1.21,1.12,2.868,15.5,73,1,2,0,1,0,volvo 144ea
6.7,6.7,15,8,3.18,1.5,3.399,11,73,1,1,1,0,0,dodge dart custom
4.2,4.2,24,4,1.21,1.1,2.66,14,73,1,2,0,1,0,saab 99le
5.0,5.0,20,6,1.56,1.22,2.807,13.5,73,1,3,0,0,1,toyota mark ii
9.1,9.1,11,8,3.5,1.8,3.664,11,73,1,1,1,0,0,oldsmobile omega
5.0,5.0,20,6,1.98,0.95,3.102,16.5,74,1,1,1,0,0,plymouth duster
5.3,5.3,19,6,2.32,1,2.901,16,74,1,1,1,0,0,amc hornet
6.7,6.7,15,6,2.5,1,3.336,17,74,1,1,1,0,0,chevrolet nova
3.2,3.2,31,4,0.79,0.67,1.95,19,74,1,3,0,0,1,datsun b210
3.8,3.8,26,4,1.22,0.8,2.451,16.5,74,1,1,1,0,0,ford pinto
3.1,3.1,32,4,0.71,0.65,1.836,21,74,1,3,0,0,1,toyota corolla 1200
4.0,4.0,25,4,1.4,0.75,2.542,17,74,1,1,1,0,0,chevrolet vega
6.3,6.3,16,6,2.5,1,3.781,17,74,1,1,1,0,0,chevrolet chevelle malibu classic
6.3,6.3,16,6,2.58,1.1,3.632,18,74,1,1,1,0,0,amc matador
5.6,5.6,18,6,2.25,1.05,3.613,16.5,74,1,1,1,0,0,plymouth satellite sebring
6.3,6.3,16,8,3.02,1.4,4.141,14,74,1,1,1,0,0,ford gran torino
7.7,7.7,13,8,3.5,1.5,4.699,14.5,74,1,1,1,0,0,buick century luxus (sw)
7.1,7.1,14,8,3.18,1.5,4.457,13.5,74,1,1,1,0,0,dodge coronet custom (sw)
7.1,7.1,14,8,3.02,1.4,4.638,16,74,1,1,1,0,0,ford gran torino (sw)
7.1,7.1,14,8,3.04,1.5,4.257,15.5,74,1,1,1,0,0,amc matador (sw)
3.4,3.4,29,4,0.98,0.83,2.219,16.5,74,1,2,0,1,0,audi fox
3.8,3.8,26,4,0.79,0.67,1.963,15.5,74,1,2,0,1,0,volkswagen dasher
3.8,3.8,26,4,0.97,0.78,2.3,14.5,74,1,2,0,1,0,opel manta
3.2,3.2,31,4,0.76,0.52,1.649,16.5,74,1,3,0,0,1,toyota corona
3.1,3.1,32,4,0.83,0.61,2.003,19,74,1,3,0,0,1,datsun 710
3.6,3.6,28,4,0.9,0.75,2.125,14.5,74,1,1,1,0,0,dodge colt
4.2,4.2,24,4,0.9,0.75,2.108,15.5,74,1,2,0,1,0,fiat 128
3.8,3.8,26,4,1.16,0.75,2.246,14,74,1,2,0,1,0,fiat 124 tc
4.2,4.2,24,4,1.2,0.97,2.489,15,74,1,3,0,0,1,honda civic
3.8,3.8,26,4,1.08,0.93,2.391,15.5,74,1,3,0,0,1,subaru
3.2,3.2,31,4,0.79,0.67,2,16,74,1,2,0,1,0,fiat x1.9
5.3,5.3,19,6,2.25,0.95,3.264,16,75,1,1,1,0,0,plymouth valiant custom
5.6,5.6,18,6,2.5,1.05,3.459,16,75,1,1,1,0,0,chevrolet nova
6.7,6.7,15,6,2.5,0.72,3.432,21,75,1,1,1,0,0,mercury monarch
6.7,6.7,15,6,2.5,0.72,3.158,19.5,75,1,1,1,0,0,ford maverick
6.3,6.3,16,8,4,1.7,4.668,11.5,75,1,1,1,0,0,pontiac catalina
6.7,6.7,15,8,3.5,1.45,4.44,14,75,1,1,1,0,0,chevrolet bel air
6.3,6.3,16,8,3.18,1.5,4.498,14.5,75,1,1,1,0,0,plymouth grand fury
7.1,7.1,14,8,3.51,1.48,4.657,13.5,75,1,1,1,0,0,ford ltd
5.9,5.9,17,6,2.31,1.1,3.907,21,75,1,1,1,0,0,buick century
6.3,6.3,16,6,2.5,1.05,3.897,18.5,75,1,1,1,0,0,chevroelt chevelle malibu
6.7,6.7,15,6,2.58,1.1,3.73,19,75,1,1,1,0,0,amc matador
5.6,5.6,18,6,2.25,0.95,3.785,19,75,1,1,1,0,0,plymouth fury
4.8,4.8,21,6,2.31,1.1,3.039,15,75,1,1,1,0,0,buick skyhawk
5.0,5.0,20,8,2.62,1.1,3.221,13.5,75,1,1,1,0,0,chevrolet monza 2+2
7.7,7.7,13,8,3.02,1.29,3.169,12,75,1,1,1,0,0,ford mustang ii
3.4,3.4,29,4,0.97,0.75,2.171,16,75,1,3,0,0,1,toyota corolla
4.3,4.3,23,4,1.4,0.83,2.639,17,75,1,1,1,0,0,ford pinto
5.0,5.0,20,6,2.32,1,2.914,16,75,1,1,1,0,0,amc gremlin
4.3,4.3,23,4,1.4,0.78,2.592,18.5,75,1,1,1,0,0,pontiac astro
4.2,4.2,24,4,1.34,0.96,2.702,13.5,75,1,3,0,0,1,toyota corona
4.0,4.0,25,4,0.9,0.71,2.223,16.5,75,1,2,0,1,0,volkswagen dasher
4.2,4.2,24,4,1.19,0.97,2.545,17,75,1,3,0,0,1,datsun 710
5.6,5.6,18,6,1.71,0.97,2.984,14.5,75,1,1,1,0,0,ford pinto
3.4,3.4,29,4,0.9,0.7,1.937,14,75,1,2,0,1,0,volkswagen rabbit
5.3,5.3,19,6,2.32,0.9,3.211,17,75,1,1,1,0,0,amc pacer
4.3,4.3,23,4,1.15,0.95,2.694,15,75,1,2,0,1,0,audi 100ls
4.3,4.3,23,4,1.2,0.88,2.957,17,75,1,2,0,1,0,peugeot 504
4.5,4.5,22,4,1.21,0.98,2.945,14.5,75,1,2,0,1,0,volvo 244dl
4.0,4.0,25,4,1.21,1.15,2.671,13.5,75,1,2,0,1,0,saab 99le
3.0,3.0,33,4,0.91,0.53,1.795,17.5,75,1,3,0,0,1,honda civic cvcc
3.6,3.6,28,4,1.07,0.86,2.464,15.5,76,1,2,0,1,0,fiat 131
4.0,4.0,25,4,1.16,0.81,2.22,16.9,76,1,2,0,1,0,opel 1900
4.0,4.0,25,4,1.4,0.92,2.572,14.9,76,1,1,1,0,0,capri ii
3.8,3.8,26,4,0.98,0.79,2.255,17.7,76,1,1,1,0,0,dodge colt
3.7,3.7,27,4,1.01,0.83,2.202,15.3,76,1,2,0,1,0,renault 12tl
5.7,5.7,17.5,8,3.05,1.4,4.215,13,76,1,1,1,0,0,chevrolet chevelle malibu classic
6.3,6.3,16,8,3.18,1.5,4.19,13,76,1,1,1,0,0,dodge coronet brougham
6.5,6.5,15.5,8,3.04,1.2,3.962,13.9,76,1,1,1,0,0,amc matador
6.9,6.9,14.5,8,3.51,1.52,4.215,12.8,76,1,1,1,0,0,ford gran torino
4.5,4.5,22,6,2.25,1,3.233,15.4,76,1,1,1,0,0,plymouth valiant
4.5,4.5,22,6,2.5,1.05,3.353,14.5,76,1,1,1,0,0,chevrolet nova
4.2,4.2,24,6,2,0.81,3.012,17.6,76,1,1,1,0,0,ford maverick
4.4,4.4,22.5,6,2.32,0.9,3.085,17.6,76,1,1,1,0,0,amc hornet
3.4,3.4,29,4,0.85,0.52,2.035,22.2,76,1,1,1,0,0,chevrolet chevette
4.1,4.1,24.5,4,0.98,0.6,2.164,22.1,76,1,1,1,0,0,chevrolet woody
3.4,3.4,29,4,0.9,0.7,1.937,14.2,76,1,2,0,1,0,vw rabbit
3.0,3.0,33,4,0.91,0.53,1.795,17.4,76,1,3,0,0,1,honda civic
5.0,5.0,20,6,2.25,1,3.651,17.7,76,1,1,1,0,0,dodge aspen se
5.6,5.6,18,6,2.5,0.78,3.574,21,76,1,1,1,0,0,ford granada ghia
5.4,5.4,18.5,6,2.5,1.1,3.645,16.2,76,1,1,1,0,0,pontiac ventura sj
5.7,5.7,17.5,6,2.58,0.95,3.193,17.8,76,1,1,1,0,0,amc pacer d/l
3.4,3.4,29.5,4,0.97,0.71,1.825,12.2,76,1,2,0,1,0,volkswagen rabbit
3.1,3.1,32,4,0.85,0.7,1.99,17,76,1,3,0,0,1,datsun b-210
3.6,3.6,28,4,0.97,0.75,2.155,16.4,76,1,3,0,0,1,toyota corolla
3.8,3.8,26.5,4,1.4,0.72,2.565,13.6,76,1,1,1,0,0,ford pinto
5.0,5.0,20,4,1.3,1.02,3.15,15.7,76,1,2,0,1,0,volvo 245
7.7,7.7,13,8,3.18,1.5,3.94,13.2,76,1,1,1,0,0,plymouth volare premier v8
5.3,5.3,19,4,1.2,0.88,3.27,21.9,76,1,2,0,1,0,peugeot 504
5.3,5.3,19,6,1.56,1.08,2.93,15.5,76,1,3,0,0,1,toyota mark ii
6.1,6.1,16.5,6,1.68,1.2,3.82,16.7,76,1,2,0,1,0,mercedes-benz 280s
6.1,6.1,16.5,8,3.5,1.8,4.38,12.1,76,1,1,1,0,0,cadillac seville
7.7,7.7,13,8,3.5,1.45,4.055,12,76,1,1,1,0,0,chevy c10
7.7,7.7,13,8,3.02,1.3,3.87,15,76,1,1,1,0,0,ford f108
7.7,7.7,13,8,3.18,1.5,3.755,14,76,1,1,1,0,0,dodge d100
3.2,3.2,31.5,4,0.98,0.68,2.045,18.5,77,1,3,0,0,1,honda accord cvcc
3.3,3.3,30,4,1.11,0.8,2.155,14.8,77,1,1,1,0,0,buick opel isuzu deluxe
2.8,2.8,36,4,0.79,0.58,1.825,18.6,77,1,2,0,1,0,renault 5 gtl
3.9,3.9,25.5,4,1.22,0.96,2.3,15.5,77,1,1,1,0,0,plymouth arrow gs
3.0,3.0,33.5,4,0.85,0.7,1.945,16.8,77,1,3,0,0,1,datsun f-10 hatchback
5.7,5.7,17.5,8,3.05,1.45,3.88,12.5,77,1,1,1,0,0,chevrolet caprice classic
5.9,5.9,17,8,2.6,1.1,4.06,19,77,1,1,1,0,0,oldsmobile cutlass supreme
6.5,6.5,15.5,8,3.18,1.45,4.14,13.7,77,1,1,1,0,0,dodge monaco brougham
6.7,6.7,15,8,3.02,1.3,4.295,14.9,77,1,1,1,0,0,mercury cougar brougham
5.7,5.7,17.5,6,2.5,1.1,3.52,16.4,77,1,1,1,0,0,chevrolet concours
4.9,4.9,20.5,6,2.31,1.05,3.425,16.9,77,1,1,1,0,0,buick skylark
5.3,5.3,19,6,2.25,1,3.63,17.7,77,1,1,1,0,0,plymouth volare custom
5.4,5.4,18.5,6,2.5,0.98,3.525,19,77,1,1,1,0,0,ford granada
6.3,6.3,16,8,4,1.8,4.22,11.1,77,1,1,1,0,0,pontiac grand prix lj
6.5,6.5,15.5,8,3.5,1.7,4.165,11.4,77,1,1,1,0,0,chevrolet monte carlo landau
6.5,6.5,15.5,8,4,1.9,4.325,12.2,77,1,1,1,0,0,chrysler cordoba
6.3,6.3,16,8,3.51,1.49,4.335,14.5,77,1,1,1,0,0,ford thunderbird
3.4,3.4,29,4,0.97,0.78,1.94,14.5,77,1,2,0,1,0,volkswagen rabbit custom
4.1,4.1,24.5,4,1.51,0.88,2.74,16,77,1,1,1,0,0,pontiac sunbird coupe
3.8,3.8,26,4,0.97,0.75,2.265,18.2,77,1,3,0,0,1,toyota corolla liftback
3.9,3.9,25.5,4,1.4,0.89,2.755,15.8,77,1,1,1,0,0,ford mustang ii 2+2
3.3,3.3,30.5,4,0.98,0.63,2.051,17,77,1,1,1,0,0,chevrolet chevette
3.0,3.0,33.5,4,0.98,0.83,2.075,15.9,77,1,1,1,0,0,dodge colt m/m
3.3,3.3,30,4,0.97,0.67,1.985,16.4,77,1,3,0,0,1,subaru dl
3.3,3.3,30.5,4,0.97,0.78,2.19,14.1,77,1,2,0,1,0,volkswagen dasher
4.5,4.5,22,6,1.46,0.97,2.815,14.5,77,1,3,0,0,1,datsun 810
4.7,4.7,21.5,4,1.21,1.1,2.6,12.8,77,1,2,0,1,0,bmw 320i
4.7,4.7,21.5,3,0.8,1.1,2.72,13.5,77,1,3,0,0,1,mazda rx-4
2.3,2.3,43.1,4,0.9,0.48,1.985,21.5,78,1,2,0,1,0,volkswagen rabbit custom diesel
2.8,2.8,36.1,4,0.98,0.66,1.8,14.4,78,1,1,1,0,0,ford fiesta
3.0,3.0,32.8,4,0.78,0.52,1.985,19.4,78,1,3,0,0,1,mazda glc deluxe
2.5,2.5,39.4,4,0.85,0.7,2.07,18.6,78,1,3,0,0,1,datsun b210 gx
2.8,2.8,36.1,4,0.91,0.6,1.8,16.4,78,1,3,0,0,1,honda civic cvcc
5.0,5.0,19.9,8,2.6,1.1,3.365,15.5,78,1,1,1,0,0,oldsmobile cutlass salon brougham
5.2,5.2,19.4,8,3.18,1.4,3.735,13.2,78,1,1,1,0,0,dodge diplomat
5.0,5.0,20.2,8,3.02,1.39,3.57,12.8,78,1,1,1,0,0,mercury monarch ghia
5.2,5.2,19.2,6,2.31,1.05,3.535,19.2,78,1,1,1,0,0,pontiac phoenix lj
4.9,4.9,20.5,6,2,0.95,3.155,18.2,78,1,1,1,0,0,chevrolet malibu
5.0,5.0,20.2,6,2,0.85,2.965,15.8,78,1,1,1,0,0,ford fairmont (auto)
4.0,4.0,25.1,4,1.4,0.88,2.72,15.4,78,1,1,1,0,0,ford fairmont (man)
4.9,4.9,20.5,6,2.25,1,3.43,17.2,78,1,1,1,0,0,plymouth volare
5.2,5.2,19.4,6,2.32,0.9,3.21,17.2,78,1,1,1,0,0,amc concord
4.9,4.9,20.6,6,2.31,1.05,3.38,15.8,78,1,1,1,0,0,buick century special
4.8,4.8,20.8,6,2,0.85,3.07,16.7,78,1,1,1,0,0,mercury zephyr
5.4,5.4,18.6,6,2.25,1.1,3.62,18.7,78,1,1,1,0,0,dodge aspen
5.5,5.5,18.1,6,2.58,1.2,3.41,15.1,78,1,1,1,0,0,amc concord d/l
5.2,5.2,19.2,8,3.05,1.45,3.425,13.2,78,1,1,1,0,0,chevrolet monte carlo landau
5.6,5.6,17.7,6,2.31,1.65,3.445,13.4,78,1,1,1,0,0,buick regal sport coupe (turbo)
5.5,5.5,18.1,8,3.02,1.39,3.205,11.2,78,1,1,1,0,0,ford futura
5.7,5.7,17.5,8,3.18,1.4,4.08,13.7,78,1,1,1,0,0,dodge magnum xe
3.3,3.3,30,4,0.98,0.68,2.155,16.5,78,1,1,1,0,0,chevrolet chevette
3.6,3.6,27.5,4,1.34,0.95,2.56,14.2,78,1,3,0,0,1,toyota corona
3.7,3.7,27.2,4,1.19,0.97,2.3,14.7,78,1,3,0,0,1,datsun 510
3.2,3.2,30.9,4,1.05,0.75,2.23,14.5,78,1,1,1,0,0,dodge omni
4.7,4.7,21.1,4,1.34,0.95,2.515,14.8,78,1,3,0,0,1,toyota celica gt liftback
4.3,4.3,23.2,4,1.56,1.05,2.745,16.7,78,1,1,1,0,0,plymouth sapporo
4.2,4.2,23.8,4,1.51,0.85,2.855,17.6,78,1,1,1,0,0,oldsmobile starfire sx
4.2,4.2,23.9,4,1.19,0.97,2.405,14.9,78,1,3,0,0,1,datsun 200-sx
4.9,4.9,20.3,5,1.31,1.03,2.83,15.9,78,1,2,0,1,0,audi 5000
5.9,5.9,17,6,1.63,1.25,3.14,13.6,78,1,2,0,1,0,volvo 264gl
4.6,4.6,21.6,4,1.21,1.15,2.795,15.7,78,1,2,0,1,0,saab 99gle
6.2,6.2,16.2,6,1.63,1.33,3.41,15.8,78,1,2,0,1,0,peugeot 604sl
3.2,3.2,31.5,4,0.89,0.71,1.99,14.9,78,1,2,0,1,0,volkswagen scirocco
3.4,3.4,29.5,4,0.98,0.68,2.135,16.6,78,1,3,0,0,1,honda accord lx
4.7,4.7,21.5,6,2.31,1.15,3.245,15.4,79,1,1,1,0,0,pontiac lemans v6
5.1,5.1,19.8,6,2,0.85,2.99,18.2,79,1,1,1,0,0,mercury zephyr 6
4.5,4.5,22.3,4,1.4,0.88,2.89,17.3,79,1,1,1,0,0,ford fairmont 4
5.0,5.0,20.2,6,2.32,0.9,3.265,18.2,79,1,1,1,0,0,amc concord dl 6
4.9,4.9,20.6,6,2.25,1.1,3.36,16.6,79,1,1,1,0,0,dodge aspen 6
5.9,5.9,17,8,3.05,1.3,3.84,15.4,79,1,1,1,0,0,chevrolet caprice classic
5.7,5.7,17.6,8,3.02,1.29,3.725,13.4,79,1,1,1,0,0,ford ltd landau
6.1,6.1,16.5,8,3.51,1.38,3.955,13.2,79,1,1,1,0,0,mercury grand marquis
5.5,5.5,18.2,8,3.18,1.35,3.83,15.2,79,1,1,1,0,0,dodge st. regis
5.9,5.9,16.9,8,3.5,1.55,4.36,14.9,79,1,1,1,0,0,buick estate wagon (sw)
6.5,6.5,15.5,8,3.51,1.42,4.054,14.3,79,1,1,1,0,0,ford country squire (sw)
5.2,5.2,19.2,8,2.67,1.25,3.605,15,79,1,1,1,0,0,chevrolet malibu classic (sw)
5.4,5.4,18.5,8,3.6,1.5,3.94,13,79,1,1,1,0,0,chrysler lebaron town @ country (sw)
3.1,3.1,31.9,4,0.89,0.71,1.925,14,79,1,2,0,1,0,vw rabbit custom
2.9,2.9,34.1,4,0.86,0.65,1.975,15.2,79,1,3,0,0,1,maxda glc deluxe
2.8,2.8,35.7,4,0.98,0.8,1.915,14.4,79,1,1,1,0,0,dodge colt hatchback custom
3.6,3.6,27.4,4,1.21,0.8,2.67,15,79,1,1,1,0,0,amc spirit dl
3.9,3.9,25.4,5,1.83,0.77,3.53,20.1,79,1,2,0,1,0,mercedes benz 300d
4.3,4.3,23,8,3.5,1.25,3.9,17.4,79,1,1,1,0,0,cadillac eldorado
3.7,3.7,27.2,4,1.41,0.71,3.19,24.8,79,1,2,0,1,0,peugeot 504
4.2,4.2,23.9,8,2.6,0.9,3.42,22.2,79,1,1,1,0,0,oldsmobile cutlass salon brougham
2.9,2.9,34.2,4,1.05,0.7,2.2,13.2,79,1,1,1,0,0,plymouth horizon
2.9,2.9,34.5,4,1.05,0.7,2.15,14.9,79,1,1,1,0,0,plymouth horizon tc3
3.1,3.1,31.8,4,0.85,0.65,2.02,19.2,79,1,3,0,0,1,datsun 210
2.7,2.7,37.3,4,0.91,0.69,2.13,14.7,79,1,2,0,1,0,fiat strada custom
3.5,3.5,28.4,4,1.51,0.9,2.67,16,79,1,1,1,0,0,buick skylark limited
3.5,3.5,28.8,6,1.73,1.15,2.595,11.3,79,1,1,1,0,0,chevrolet citation
3.7,3.7,26.8,6,1.73,1.15,2.7,12.9,79,1,1,1,0,0,oldsmobile omega brougham
3.0,3.0,33.5,4,1.51,0.9,2.556,13.2,79,1,1,1,0,0,pontiac phoenix
2.4,2.4,41.5,4,0.98,0.76,2.144,14.7,80,1,2,0,1,0,vw rabbit
2.6,2.6,38.1,4,0.89,0.6,1.968,18.8,80,1,3,0,0,1,toyota corolla tercel
3.1,3.1,32.1,4,0.98,0.7,2.12,15.5,80,1,1,1,0,0,chevrolet chevette
2.7,2.7,37.2,4,0.86,0.65,2.019,16.4,80,1,3,0,0,1,datsun 310
3.6,3.6,28,4,1.51,0.9,2.678,16.5,80,1,1,1,0,0,chevrolet citation
3.8,3.8,26.4,4,1.4,0.88,2.87,18.1,80,1,1,1,0,0,ford fairmont
4.1,4.1,24.3,4,1.51,0.9,3.003,20.1,80,1,1,1,0,0,amc concord
5.2,5.2,19.1,6,2.25,0.9,3.381,18.7,80,1,1,1,0,0,dodge aspen
2.9,2.9,34.3,4,0.97,0.78,2.188,15.8,80,1,2,0,1,0,audi 4000
3.4,3.4,29.8,4,1.34,0.9,2.711,15.5,80,1,3,0,0,1,toyota corona liftback
3.2,3.2,31.3,4,1.2,0.75,2.542,17.5,80,1,3,0,0,1,mazda 626
2.7,2.7,37,4,1.19,0.92,2.434,15,80,1,3,0,0,1,datsun 510 hatchback
3.1,3.1,32.2,4,1.08,0.75,2.265,15.2,80,1,3,0,0,1,toyota corolla
2.1,2.1,46.6,4,0.86,0.65,2.11,17.9,80,1,3,0,0,1,mazda glc
3.6,3.6,27.9,4,1.56,1.05,2.8,14.4,80,1,1,1,0,0,dodge colt
2.5,2.5,40.8,4,0.85,0.65,2.11,19.2,80,1,3,0,0,1,datsun 210
2.3,2.3,44.3,4,0.9,0.48,2.085,21.7,80,1,2,0,1,0,vw rabbit c (diesel)
2.3,2.3,43.4,4,0.9,0.48,2.335,23.7,80,1,2,0,1,0,vw dasher (diesel)
2.7,2.7,36.4,5,1.21,0.67,2.95,19.9,80,1,2,0,1,0,audi 5000s (diesel)
3.3,3.3,30,4,1.46,0.67,3.25,21.8,80,1,2,0,1,0,mercedes-benz 240d
2.2,2.2,44.6,4,0.91,0.67,1.85,13.8,80,1,3,0,0,1,honda civic 1500 gl
3.0,3.0,33.8,4,0.97,0.67,2.145,18,80,1,3,0,0,1,subaru dl
3.4,3.4,29.8,4,0.89,0.62,1.845,15.3,80,1,2,0,1,0,vokswagen rabbit
3.1,3.1,32.7,6,1.68,1.32,2.91,11.4,80,1,3,0,0,1,datsun 280-zx
4.2,4.2,23.7,3,0.7,1,2.42,12.5,80,1,3,0,0,1,mazda rx-7 gs
2.9,2.9,35,4,1.22,0.88,2.5,15.1,80,1,2,0,1,0,triumph tr7 coupe
3.1,3.1,32.4,4,1.07,0.72,2.29,17,80,1,3,0,0,1,honda accord
3.7,3.7,27.2,4,1.35,0.84,2.49,15.7,81,1,1,1,0,0,plymouth reliant
3.8,3.8,26.6,4,1.51,0.84,2.635,16.4,81,1,1,1,0,0,buick skylark
3.9,3.9,25.8,4,1.56,0.92,2.62,14.4,81,1,1,1,0,0,dodge aries wagon (sw)
4.3,4.3,23.5,6,1.73,1.1,2.725,12.6,81,1,1,1,0,0,chevrolet citation
3.3,3.3,30,4,1.35,0.84,2.385,12.9,81,1,1,1,0,0,plymouth reliant
2.6,2.6,39.1,4,0.79,0.58,1.755,16.9,81,1,3,0,0,1,toyota starlet
2.6,2.6,39,4,0.86,0.64,1.875,16.4,81,1,1,1,0,0,plymouth champ
2.8,2.8,35.1,4,0.81,0.6,1.76,16.1,81,1,3,0,0,1,honda civic 1300
3.1,3.1,32.3,4,0.97,0.67,2.065,17.8,81,1,3,0,0,1,subaru
2.7,2.7,37,4,0.85,0.65,1.975,19.4,81,1,3,0,0,1,datsun 210 mpg
2.7,2.7,37.7,4,0.89,0.62,2.05,17.3,81,1,3,0,0,1,toyota tercel
2.9,2.9,34.1,4,0.91,0.68,1.985,16,81,1,3,0,0,1,mazda glc 4
2.9,2.9,34.7,4,1.05,0.63,2.215,14.9,81,1,1,1,0,0,plymouth horizon 4
2.9,2.9,34.4,4,0.98,0.65,2.045,16.2,81,1,1,1,0,0,ford escort 4w
3.3,3.3,29.9,4,0.98,0.65,2.38,20.7,81,1,1,1,0,0,ford escort 2h
3.0,3.0,33,4,1.05,0.74,2.19,14.2,81,1,2,0,1,0,volkswagen jetta
3.0,3.0,33.7,4,1.07,0.75,2.21,14.4,81,1,3,0,0,1,honda prelude
3.1,3.1,32.4,4,1.08,0.75,2.35,16.8,81,1,3,0,0,1,toyota corolla
3.0,3.0,32.9,4,1.19,1,2.615,14.8,81,1,3,0,0,1,datsun 200sx
3.2,3.2,31.6,4,1.2,0.74,2.635,18.3,81,1,3,0,0,1,mazda 626
3.6,3.6,28.1,4,1.41,0.8,3.23,20.4,81,1,2,0,1,0,peugeot 505s turbo diesel
3.3,3.3,30.7,6,1.45,0.76,3.16,19.6,81,1,2,0,1,0,volvo diesel
3.9,3.9,25.4,6,1.68,1.16,2.9,12.6,81,1,3,0,0,1,toyota cressida
4.1,4.1,24.2,6,1.46,1.2,2.93,13.8,81,1,3,0,0,1,datsun 810 maxima
4.5,4.5,22.4,6,2.31,1.1,3.415,15.8,81,1,1,1,0,0,buick century
3.8,3.8,26.6,8,3.5,1.05,3.725,19,81,1,1,1,0,0,oldsmobile cutlass ls
5.0,5.0,20.2,6,2,0.88,3.06,17.1,81,1,1,1,0,0,ford granada gl
5.7,5.7,17.6,6,2.25,0.85,3.465,16.6,81,1,1,1,0,0,chrysler lebaron salon
3.6,,28,4,1.12,0.88,2.605,19.6,82,0,1,1,0,0,chevrolet cavalier
3.7,,27,4,1.12,0.88,2.64,18.6,82,0,1,1,0,0,chevrolet cavalier wagon
2.9,,34,4,1.12,0.88,2.395,18,82,0,1,1,0,0,chevrolet cavalier 2-door
3.2,,31,4,1.12,0.85,2.575,16.2,82,0,1,1,0,0,pontiac j2000 se hatchback
3.4,,29,4,1.35,0.84,2.525,16,82,0,1,1,0,0,dodge aries se
3.7,,27,4,1.51,0.9,2.735,18,82,0,1,1,0,0,pontiac phoenix
4.2,,24,4,1.4,0.92,2.865,16.4,82,0,1,1,0,0,ford fairmont futura
2.8,,36,4,1.05,0.74,1.98,15.3,82,0,2,0,1,0,volkswagen rabbit l
2.7,,37,4,0.91,0.68,2.025,18.2,82,0,3,0,0,1,mazda glc custom l
3.2,,31,4,0.91,0.68,1.97,17.6,82,0,3,0,0,1,mazda glc custom
2.6,,38,4,1.05,0.63,2.125,14.7,82,0,1,1,0,0,plymouth horizon miser
2.8,,36,4,0.98,0.7,2.125,17.3,82,0,1,1,0,0,mercury lynx l
2.8,,36,4,1.2,0.88,2.16,14.5,82,0,3,0,0,1,nissan stanza xe
2.8,,36,4,1.07,0.75,2.205,14.5,82,0,3,0,0,1,honda accord
2.9,,34,4,1.08,0.7,2.245,16.9,82,0,3,0,0,1,toyota corolla
2.6,,38,4,0.91,0.67,1.965,15,82,0,3,0,0,1,honda civic
3.1,,32,4,0.91,0.67,1.965,15.7,82,0,3,0,0,1,honda civic (auto)
2.6,,38,4,0.91,0.67,1.995,16.2,82,0,3,0,0,1,datsun 310 gx
4.0,,25,6,1.81,1.1,2.945,16.4,82,0,1,1,0,0,buick century limited
2.6,,38,6,2.62,0.85,3.015,17,82,0,1,1,0,0,oldsmobile cutlass ciera (diesel)
3.8,,26,4,1.56,0.92,2.585,14.5,82,0,1,1,0,0,chrysler lebaron medallion
4.5,,22,6,2.32,1.12,2.835,14.7,82,0,1,1,0,0,ford granada l
3.1,,32,4,1.44,0.96,2.665,13.9,82,0,3,0,0,1,toyota celica gt
2.8,,36,4,1.35,0.84,2.37,13,82,0,1,1,0,0,dodge charger 2.2
3.7,,27,4,1.51,0.9,2.95,17.3,82,0,1,1,0,0,chevrolet camaro
3.7,,27,4,1.4,0.86,2.79,15.6,82,0,1,1,0,0,ford mustang gl
2.3,,44,4,0.97,0.52,2.13,24.6,82,0,2,0,1,0,vw pickup
3.1,,32,4,1.35,0.84,2.295,11.6,82,0,1,1,0,0,dodge rampage
3.6,,28,4,1.2,0.79,2.625,18.6,82,0,1,1,0,0,ford ranger
3.2,,31,4,1.19,0.82,2.72,19.4,82,0,1,1,0,0,chevy s-10
Descriptive Statistics,Series plots,,,,,,,,,,,,,,,,,,,,,Observation #,20.000,,12/14/18 1:34 PM on FACDS414 - Series plots - AutoMPGdata.xlsx - RegressItPC - Version ,,,,,,,,,,,,,,,,,,,,,,,,,,,,,,,,,,,,,,,,,,,,,,,,,,,,,,,,,,,,,,,,,,,,,,,,,,,,,,,,,,,,,,,,,,,,,,,,,,,,,,,,,,,,,,,,,,,,,,,,,,,,,,,,,,,,,,,,,,,,,,,,,,,,,,,,,,,,,,,,,,,,,,,,,,,,,,,,,,,,,,,,,,,,,,,,,,,,,,,,,,,,,,,,,,,,,,,,,,,,,,,,,,,,,,,,,,,,,,,,,,,,,,,,,,,,,,,,,,,,,,,,,,,,,,,,,,,12/14/18 1:34 PM on FACDS414 - Series plots - AutoMPGdata.xlsx - RegressItPC - Version 
Variable      ,# Fitted,Mean,Median,Std.Dev.,Root.M.Sqr.,Std.Err.Mean,Minimum,Maximum,,,,,,,,,,,,,,,,,,,,,,,,,,,,,,,,,,,,,,,,,,,,,,,,,,,,,,,,,,,,,,,,,,,,,,,,,,,,,,,,,,,,,,,,,,,,,,,,,,,,,,,,,,,,,,,,,,,,,,,,,,,,,,,,,,,,,,,,,,,,,,,,,,,,,,,,,,,,,,,,,,,,,,,,,,,,,,,,,,,,,,,,,,,,,,,,,,,,,,,,,,,,,,,,,,,,,,,,,,,,,,,,,,,,,,,,,,,,,,,,,,,,,,,,,,,,,,,,,,,,,,,,,,,,,,,,,,,,,,,,,,,,,,,,,,,,
MPG,392,23.446,22.750,7.805,24.708,0.394,9.000,46.600,,,,,,,,,,,,,,,,,,,,,,,,,,,,,,,,,,,,,,,,,,,,,,,,,,,,,,,,,,,,,,,,,,,,,,,,,,,,,,,,,,,,,,,,,,,,,,,,,,,,,,,,,,,,,,,,,,,,,,,,,,,,,,,,,,,,,,,,,,,,,,,,,,,,,,,,,,,,,,,,,,,,,,,,,,,,,,,,,,,,,,,,,,,,,,,,,,,,,,,,,,,,,,,,,,,,,,,,,,,,,,,,,,,,,,,,,,,,,,,,,,,,,,,,,,,,,,,,,,,,,,,,,,,,,,,,,,,,,,,,,,,,,,,,,,,,
Displacement100ci,392,1.944,1.510,1.046,2.207,0.053,0.680,4.550,,,,,,,,,,,,,,,,,,,,,,,,,,,,,,,,,,,,,,,,,,,,,,,,,,,,,,,,,,,,,,,,,,,,,,,,,,,,,,,,,,,,,,,,,,,,,,,,,,,,,,,,,,,,,,,,,,,,,,,,,,,,,,,,,,,,,,,,,,,,,,,,,,,,,,,,,,,,,,,,,,,,,,,,,,,,,,,,,,,,,,,,,,,,,,,,,,,,,,,,,,,,,,,,,,,,,,,,,,,,,,,,,,,,,,,,,,,,,,,,,,,,,,,,,,,,,,,,,,,,,,,,,,,,,,,,,,,,,,,,,,,,,,,,,,,,
GallonsPer100Miles,392,4.782,4.396,1.664,5.063,0.084,2.146,11.111,,,,,,,,,,,,,,,,,,,,,,,,,,,,,,,,,,,,,,,,,,,,,,,,,,,,,,,,,,,,,,,,,,,,,,,,,,,,,,,,,,,,,,,,,,,,,,,,,,,,,,,,,,,,,,,,,,,,,,,,,,,,,,,,,,,,,,,,,,,,,,,,,,,,,,,,,,,,,,,,,,,,,,,,,,,,,,,,,,,,,,,,,,,,,,,,,,,,,,,,,,,,,,,,,,,,,,,,,,,,,,,,,,,,,,,,,,,,,,,,,,,,,,,,,,,,,,,,,,,,,,,,,,,,,,,,,,,,,,,,,,,,,,,,,,,,
Horsepower100,392,1.045,0.935,0.385,1.113,0.019,0.460,2.300,,,,,,,,,,,,,,,,,,,,,,,,,,,,,,,,,,,,,,,,,,,,,,,,,,,,,,,,,,,,,,,,,,,,,,,,,,,,,,,,,,,,,,,,,,,,,,,,,,,,,,,,,,,,,,,,,,,,,,,,,,,,,,,,,,,,,,,,,,,,,,,,,,,,,,,,,,,,,,,,,,,,,,,,,,,,,,,,,,,,,,,,,,,,,,,,,,,,,,,,,,,,,,,,,,,,,,,,,,,,,,,,,,,,,,,,,,,,,,,,,,,,,,,,,,,,,,,,,,,,,,,,,,,,,,,,,,,,,,,,,,,,,,,,,,,,
Seconds0to60,392,15.541,15.500,2.759,15.784,0.139,8.000,24.800,,,,,,,,,,,,,,,,,,,,,,,,,,,,,,,,,,,,,,,,,,,,,,,,,,,,,,,,,,,,,,,,,,,,,,,,,,,,,,,,,,,,,,,,,,,,,,,,,,,,,,,,,,,,,,,,,,,,,,,,,,,,,,,,,,,,,,,,,,,,,,,,,,,,,,,,,,,,,,,,,,,,,,,,,,,,,,,,,,,,,,,,,,,,,,,,,,,,,,,,,,,,,,,,,,,,,,,,,,,,,,,,,,,,,,,,,,,,,,,,,,,,,,,,,,,,,,,,,,,,,,,,,,,,,,,,,,,,,,,,,,,,,,,,,,,,
Weight1000lb,392,2.978,2.804,0.849,3.096,0.043,1.613,5.140,,,,,,,,,,,,,,,,,,,,,,,,,,,,,,,,,,,,,,,,,,,,,,,,,,,,,,,,,,,,,,,,,,,,,,,,,,,,,,,,,,,,,,,,,,,,,,,,,,,,,,,,,,,,,,,,,,,,,,,,,,,,,,,,,,,,,,,,,,,,,,,,,,,,,,,,,,,,,,,,,,,,,,,,,,,,,,,,,,,,,,,,,,,,,,,,,,,,,,,,,,,,,,,,,,,,,,,,,,,,,,,,,,,,,,,,,,,,,,,,,,,,,,,,,,,,,,,,,,,,,,,,,,,,,,,,,,,,,,,,,,,,,,,,,,,,
Year,392,75.980,76.000,3.684,76.069,0.186,70.000,82.000,,,,,,,,,,,,,,,,,,,,,,,,,,,,,,,,,,,,,,,,,,,,,,,,,,,,,,,,,,,,,,,,,,,,,,,,,,,,,,,,,,,,,,,,,,,,,,,,,,,,,,,,,,,,,,,,,,,,,,,,,,,,,,,,,,,,,,,,,,,,,,,,,,,,,,,,,,,,,,,,,,,,,,,,,,,,,,,,,,,,,,,,,,,,,,,,,,,,,,,,,,,,,,,,,,,,,,,,,,,,,,,,,,,,,,,,,,,,,,,,,,,,,,,,,,,,,,,,,,,,,,,,,,,,,,,,,,,,,,,,,,,,,,,,,,,,

Series Plots,,Low-res picture,,,,,,,,,,,,,,,,,,,,,,,,,,,,,,,,,,,,,,,,,,,,,,,,,,,,,,,,,,,,,,,,,,,,,,,,,,,,,,,,,,,,,,,,,,,,,,,,,,,,,,,,,,,,,,,,,,,,,,,,,,,,,,,,,,,,,,,,,,,,,,,,,,,,,,,,,,,,,,,,,,,,,,,,,,,,,,,,,,,,,,,,,,,,,,,,,,,,,,,,,,,,,,,,,,,,,,,,,,,,,,,,,,,,,,,,,,,,,,,,,,,,,,,,,,,,,,,,,,,,,,,,,,,,,,,,,,,,,,,,,,,,,,,,,,,,,,,,,,
.,,,,,,,,,,,,,,,,,,,,,,,,,,,,,,,,,,,,,,,,,,,,,,,,,,,,,,,,,,,,,,,,,,,,,,,,,,,,,,,,,,,,,,,,,,,,,,,,,,,,,,,,,,,,,,,,,,,,,,,,,,,,,,,,,,,,,,,,,,,,,,,,,,,,,,,,,,,,,,,,,,,,,,,,,,,,,,,,,,,,,,,,,,,,,,,,,,,,,,,,,,,,,,,,,,,,,,,,,,,,,,,,,,,,,,,,,,,,,,,,,,,,,,,,,,,,,,,,,,,,,,,,,,,,,,,,,,,,,,,,,,,,,,,,,,,,,,,,,,,,









.,,,,,,,,,,,,,,,,,,,,,,,,,,,,,,,,,,,,,,,,,,,,,,,,,,,,,,,,,,,,,,,,,,,,,,,,,,,,,,,,,,,,,,,,,,,,,,,,,,,,,,,,,,,,,,,,,,,,,,,,,,,,,,,,,,,,,,,,,,,,,,,,,,,,,,,,,,,,,,,,,,,,,,,,,,,,,,,,,,,,,,,,,,,,,,,,,,,,,,,,,,,,,,,,,,,,,,,,,,,,,,,,,,,,,,,,,,,,,,,,,,,,,,,,,,,,,,,,,,,,,,,,,,,,,,,,,,,,,,,,,,,,,,,,,,,,,,,,,,,,









.,,,,,,,,,,,,,,,,,,,,,,,,,,,,,,,,,,,,,,,,,,,,,,,,,,,,,,,,,,,,,,,,,,,,,,,,,,,,,,,,,,,,,,,,,,,,,,,,,,,,,,,,,,,,,,,,,,,,,,,,,,,,,,,,,,,,,,,,,,,,,,,,,,,,,,,,,,,,,,,,,,,,,,,,,,,,,,,,,,,,,,,,,,,,,,,,,,,,,,,,,,,,,,,,,,,,,,,,,,,,,,,,,,,,,,,,,,,,,,,,,,,,,,,,,,,,,,,,,,,,,,,,,,,,,,,,,,,,,,,,,,,,,,,,,,,,,,,,,,,,









.,,,,,,,,,,,,,,,,,,,,,,,,,,,,,,,,,,,,,,,,,,,,,,,,,,,,,,,,,,,,,,,,,,,,,,,,,,,,,,,,,,,,,,,,,,,,,,,,,,,,,,,,,,,,,,,,,,,,,,,,,,,,,,,,,,,,,,,,,,,,,,,,,,,,,,,,,,,,,,,,,,,,,,,,,,,,,,,,,,,,,,,,,,,,,,,,,,,,,,,,,,,,,,,,,,,,,,,,,,,,,,,,,,,,,,,,,,,,,,,,,,,,,,,,,,,,,,,,,,,,,,,,,,,,,,,,,,,,,,,,,,,,,,,,,,,,,,,,,,,,









.,,,,,,,,,,,,,,,,,,,,,,,,,,,,,,,,,,,,,,,,,,,,,,,,,,,,,,,,,,,,,,,,,,,,,,,,,,,,,,,,,,,,,,,,,,,,,,,,,,,,,,,,,,,,,,,,,,,,,,,,,,,,,,,,,,,,,,,,,,,,,,,,,,,,,,,,,,,,,,,,,,,,,,,,,,,,,,,,,,,,,,,,,,,,,,,,,,,,,,,,,,,,,,,,,,,,,,,,,,,,,,,,,,,,,,,,,,,,,,,,,,,,,,,,,,,,,,,,,,,,,,,,,,,,,,,,,,,,,,,,,,,,,,,,,,,,,,,,,,,,









.,,,,,,,,,,,,,,,,,,,,,,,,,,,,,,,,,,,,,,,,,,,,,,,,,,,,,,,,,,,,,,,,,,,,,,,,,,,,,,,,,,,,,,,,,,,,,,,,,,,,,,,,,,,,,,,,,,,,,,,,,,,,,,,,,,,,,,,,,,,,,,,,,,,,,,,,,,,,,,,,,,,,,,,,,,,,,,,,,,,,,,,,,,,,,,,,,,,,,,,,,,,,,,,,,,,,,,,,,,,,,,,,,,,,,,,,,,,,,,,,,,,,,,,,,,,,,,,,,,,,,,,,,,,,,,,,,,,,,,,,,,,,,,,,,,,,,,,,,,,,









.,,,,,,,,,,,,,,,,,,,,,,,,,,,,,,,,,,,,,,,,,,,,,,,,,,,,,,,,,,,,,,,,,,,,,,,,,,,,,,,,,,,,,,,,,,,,,,,,,,,,,,,,,,,,,,,,,,,,,,,,,,,,,,,,,,,,,,,,,,,,,,,,,,,,,,,,,,,,,,,,,,,,,,,,,,,,,,,,,,,,,,,,,,,,,,,,,,,,,,,,,,,,,,,,,,,,,,,,,,,,,,,,,,,,,,,,,,,,,,,,,,,,,,,,,,,,,,,,,,,,,,,,,,,,,,,,,,,,,,,,,,,,,,,,,,,,,,,,,,,,










Correlation Matrix (n=392),,,,,,,,,,,,,,,,,,,,,,,,,,,,,,,,,,,,,,,,,,,,,,,,,,,,,,,,,,,,,,,,,,,,,,,,,,,,,,,,,,,,,,,,,,,,,,,,,,,,,,,,,,,,,,,,,,,,,,,,,,,,,,,,,,,,,,,,,,,,,,,,,,,,,,,,,,,,,,,,,,,,,,,,,,,,,,,,,,,,,,,,,,,,,,,,,,,,,,,,,,,,,,,,,,,,,,,,,,,,,,,,,,,,,,,,,,,,,,,,,,,,,,,,,,,,,,,,,,,,,,,,,,,,,,,,,,,,,,,,,,,,,,,,,,,,,,,,,,,,
Variable      ,           MPG,,,,,,,,,,,,,,,,,,,,,,,,,,,,,,,,,,,,,,,,,,,,,,,,,,,,,,,,,,,,,,,,,,,,,,,,,,,,,,,,,,,,,,,,,,,,,,,,,,,,,,,,,,,,,,,,,,,,,,,,,,,,,,,,,,,,,,,,,,,,,,,,,,,,,,,,,,,,,,,,,,,,,,,,,,,,,,,,,,,,,,,,,,,,,,,,,,,,,,,,,,,,,,,,,,,,,,,,,,,,,,,,,,,,,,,,,,,,,,,,,,,,,,,,,,,,,,,,,,,,,,,,,,,,,,,,,,,,,,,,,,,,,,,,,,,,,,,,,,,
MPG,1.000,      Displacement100ci,,,,,,,,,,,,,,,,,,,,,,,,,,,,,,,,,,,,,,,,,,,,,,,,,,,,,,,,,,,,,,,,,,,,,,,,,,,,,,,,,,,,,,,,,,,,,,,,,,,,,,,,,,,,,,,,,,,,,,,,,,,,,,,,,,,,,,,,,,,,,,,,,,,,,,,,,,,,,,,,,,,,,,,,,,,,,,,,,,,,,,,,,,,,,,,,,,,,,,,,,,,,,,,,,,,,,,,,,,,,,,,,,,,,,,,,,,,,,,,,,,,,,,,,,,,,,,,,,,,,,,,,,,,,,,,,,,,,,,,,,,,,,,,,,,,,,,,,,,
Displacement100ci,-0.805,1.000,      GallonsPer100Miles,,,,,,,,,,,,,,,,,,,,,,,,,,,,,,,,,,,,,,,,,,,,,,,,,,,,,,,,,,,,,,,,,,,,,,,,,,,,,,,,,,,,,,,,,,,,,,,,,,,,,,,,,,,,,,,,,,,,,,,,,,,,,,,,,,,,,,,,,,,,,,,,,,,,,,,,,,,,,,,,,,,,,,,,,,,,,,,,,,,,,,,,,,,,,,,,,,,,,,,,,,,,,,,,,,,,,,,,,,,,,,,,,,,,,,,,,,,,,,,,,,,,,,,,,,,,,,,,,,,,,,,,,,,,,,,,,,,,,,,,,,,,,,,,,,,,,,,,,
GallonsPer100Miles,-0.936,0.866,1.000,      Horsepower100,,,,,,,,,,,,,,,,,,,,,,,,,,,,,,,,,,,,,,,,,,,,,,,,,,,,,,,,,,,,,,,,,,,,,,,,,,,,,,,,,,,,,,,,,,,,,,,,,,,,,,,,,,,,,,,,,,,,,,,,,,,,,,,,,,,,,,,,,,,,,,,,,,,,,,,,,,,,,,,,,,,,,,,,,,,,,,,,,,,,,,,,,,,,,,,,,,,,,,,,,,,,,,,,,,,,,,,,,,,,,,,,,,,,,,,,,,,,,,,,,,,,,,,,,,,,,,,,,,,,,,,,,,,,,,,,,,,,,,,,,,,,,,,,,,,,,,,,
Horsepower100,-0.778,0.897,0.855,1.000,      Seconds0to60,,,,,,,,,,,,,,,,,,,,,,,,,,,,,,,,,,,,,,,,,,,,,,,,,,,,,,,,,,,,,,,,,,,,,,,,,,,,,,,,,,,,,,,,,,,,,,,,,,,,,,,,,,,,,,,,,,,,,,,,,,,,,,,,,,,,,,,,,,,,,,,,,,,,,,,,,,,,,,,,,,,,,,,,,,,,,,,,,,,,,,,,,,,,,,,,,,,,,,,,,,,,,,,,,,,,,,,,,,,,,,,,,,,,,,,,,,,,,,,,,,,,,,,,,,,,,,,,,,,,,,,,,,,,,,,,,,,,,,,,,,,,,,,,,,,,,,,
Seconds0to60,0.423,-0.544,-0.456,-0.689,1.000,      Weight1000lb,,,,,,,,,,,,,,,,,,,,,,,,,,,,,,,,,,,,,,,,,,,,,,,,,,,,,,,,,,,,,,,,,,,,,,,,,,,,,,,,,,,,,,,,,,,,,,,,,,,,,,,,,,,,,,,,,,,,,,,,,,,,,,,,,,,,,,,,,,,,,,,,,,,,,,,,,,,,,,,,,,,,,,,,,,,,,,,,,,,,,,,,,,,,,,,,,,,,,,,,,,,,,,,,,,,,,,,,,,,,,,,,,,,,,,,,,,,,,,,,,,,,,,,,,,,,,,,,,,,,,,,,,,,,,,,,,,,,,,,,,,,,,,,,,,,,,,
Weight1000lb,-0.832,0.933,0.885,0.865,-0.417,1.000,          Year,,,,,,,,,,,,,,,,,,,,,,,,,,,,,,,,,,,,,,,,,,,,,,,,,,,,,,,,,,,,,,,,,,,,,,,,,,,,,,,,,,,,,,,,,,,,,,,,,,,,,,,,,,,,,,,,,,,,,,,,,,,,,,,,,,,,,,,,,,,,,,,,,,,,,,,,,,,,,,,,,,,,,,,,,,,,,,,,,,,,,,,,,,,,,,,,,,,,,,,,,,,,,,,,,,,,,,,,,,,,,,,,,,,,,,,,,,,,,,,,,,,,,,,,,,,,,,,,,,,,,,,,,,,,,,,,,,,,,,,,,,,,,,,,,,,,,
Year,0.581,-0.370,-0.558,-0.416,0.290,-0.309,1.000,,,,,,,,,,,,,,,,,,,,,,,,,,,,,,,,,,,,,,,,,,,,,,,,,,,,,,,,,,,,,,,,,,,,,,,,,,,,,,,,,,,,,,,,,,,,,,,,,,,,,,,,,,,,,,,,,,,,,,,,,,,,,,,,,,,,,,,,,,,,,,,,,,,,,,,,,,,,,,,,,,,,,,,,,,,,,,,,,,,,,,,,,,,,,,,,,,,,,,,,,,,,,,,,,,,,,,,,,,,,,,,,,,,,,,,,,,,,,,,,,,,,,,,,,,,,,,,,,,,,,,,,,,,,,,,,,,,,,,,,,,,,,,,,,,,,,




End of Output,,,,,,,,,,,,,,,,,,,,,,,,,,,,,,,,,,,,,,,,,,,,,,,,,,,,,,,,,,,,,,,,,,,,,,,,,,,,,,,,,,,,,,,,,,,,,,,,,,,,,,,,,,,,,,,,,,,,,,,,,,,,,,,,,,,,,,,,,,,,,,,,,,,,,,,,,,,,,,,,,,,,,,,,,,,,,,,,,,,,,,,,,,,,,,,,,,,,,,,,,,,,,,,,,,,,,,,,,,,,,,,,,,,,,,,,,,,,,,,,,,,,,,,,,,,,,,,,,,,,,,,,,,,,,,,,,,,,,,,,,,,,,,,,,,,,,,,,,,,,
Descriptive Statistics,MPG plots,,,,,,,,,,,Color,Font,,,,,,,,,Observation #,20.000,,12/14/18 1:47 PM on FACDS414 - MPG plots - AutoMPGmodel4.xlsx - RegressItPC - Version 2018.12.07,,,,,,,,,,,,,,,,,,,,,,,,,,,,,,,,,,,,,,,,,,,,,,,,,,,,,,,,,,,,,,,,,,,,,,,,,,,,,,,,,,,,,,,,,,,,,,,,,,,,,,,,,,,,,,,,,,,,,,,,,,,,,,,,,,,,,,,,,,,,,,,,,,,,,,,,,,,,,,,,,,,,,,,,,,,,,,,,,,,,,,,,,,,,,,,,,,,,,,,,,,,,,,,,,,,,,,,,,,,,,,,,,,,,,,,,,,,,,,,,,,,,,,,,,,,,,,,,,,,,,,,,,,,,,,,,,,,12/14/18 1:47 PM on FACDS414 - MPG plots - AutoMPGmodel4.xlsx - RegressItPC - Version 2018.12.07
Variable      ,# Fitted,Mean,Median,Std.Dev.,Root.M.Sqr.,Std.Err.Mean,Minimum,Maximum,,,,,,,,,,,,,,,,,,,,,,,,,,,,,,,,,,,,,,,,,,,,,,,,,,,,,,,,,,,,,,,,,,,,,,,,,,,,,,,,,,,,,,,,,,,,,,,,,,,,,,,,,,,,,,,,,,,,,,,,,,,,,,,,,,,,,,,,,,,,,,,,,,,,,,,,,,,,,,,,,,,,,,,,,,,,,,,,,,,,,,,,,,,,,,,,,,,,,,,,,,,,,,,,,,,,,,,,,,,,,,,,,,,,,,,,,,,,,,,,,,,,,,,,,,,,,,,,,,,,,,,,,,,,,,,,,,,,,,,,,,,,,,,,,,,,
MPG,392,23.446,22.750,7.805,24.708,0.394,9.000,46.600,,,,,,,,,,,,,,,,,,,,,,,,,,,,,,,,,,,,,,,,,,,,,,,,,,,,,,,,,,,,,,,,,,,,,,,,,,,,,,,,,,,,,,,,,,,,,,,,,,,,,,,,,,,,,,,,,,,,,,,,,,,,,,,,,,,,,,,,,,,,,,,,,,,,,,,,,,,,,,,,,,,,,,,,,,,,,,,,,,,,,,,,,,,,,,,,,,,,,,,,,,,,,,,,,,,,,,,,,,,,,,,,,,,,,,,,,,,,,,,,,,,,,,,,,,,,,,,,,,,,,,,,,,,,,,,,,,,,,,,,,,,,,,,,,,,,
Cylinders,392,5.472,4.000,1.706,5.731,0.086,3.000,8.000,,,,,,,,,,,,,,,,,,,,,,,,,,,,,,,,,,,,,,,,,,,,,,,,,,,,,,,,,,,,,,,,,,,,,,,,,,,,,,,,,,,,,,,,,,,,,,,,,,,,,,,,,,,,,,,,,,,,,,,,,,,,,,,,,,,,,,,,,,,,,,,,,,,,,,,,,,,,,,,,,,,,,,,,,,,,,,,,,,,,,,,,,,,,,,,,,,,,,,,,,,,,,,,,,,,,,,,,,,,,,,,,,,,,,,,,,,,,,,,,,,,,,,,,,,,,,,,,,,,,,,,,,,,,,,,,,,,,,,,,,,,,,,,,,,,,
Displacement100ci,392,1.944,1.510,1.046,2.207,0.053,0.680,4.550,,,,,,,,,,,,,,,,,,,,,,,,,,,,,,,,,,,,,,,,,,,,,,,,,,,,,,,,,,,,,,,,,,,,,,,,,,,,,,,,,,,,,,,,,,,,,,,,,,,,,,,,,,,,,,,,,,,,,,,,,,,,,,,,,,,,,,,,,,,,,,,,,,,,,,,,,,,,,,,,,,,,,,,,,,,,,,,,,,,,,,,,,,,,,,,,,,,,,,,,,,,,,,,,,,,,,,,,,,,,,,,,,,,,,,,,,,,,,,,,,,,,,,,,,,,,,,,,,,,,,,,,,,,,,,,,,,,,,,,,,,,,,,,,,,,,
Horsepower100,392,1.045,0.935,0.385,1.113,0.019,0.460,2.300,,,,,,,,,,,,,,,,,,,,,,,,,,,,,,,,,,,,,,,,,,,,,,,,,,,,,,,,,,,,,,,,,,,,,,,,,,,,,,,,,,,,,,,,,,,,,,,,,,,,,,,,,,,,,,,,,,,,,,,,,,,,,,,,,,,,,,,,,,,,,,,,,,,,,,,,,,,,,,,,,,,,,,,,,,,,,,,,,,,,,,,,,,,,,,,,,,,,,,,,,,,,,,,,,,,,,,,,,,,,,,,,,,,,,,,,,,,,,,,,,,,,,,,,,,,,,,,,,,,,,,,,,,,,,,,,,,,,,,,,,,,,,,,,,,,,
Origin,392,1.577,1.000,0.806,1.770,0.041,1.000,3.000,,,,,,,,,,,,,,,,,,,,,,,,,,,,,,,,,,,,,,,,,,,,,,,,,,,,,,,,,,,,,,,,,,,,,,,,,,,,,,,,,,,,,,,,,,,,,,,,,,,,,,,,,,,,,,,,,,,,,,,,,,,,,,,,,,,,,,,,,,,,,,,,,,,,,,,,,,,,,,,,,,,,,,,,,,,,,,,,,,,,,,,,,,,,,,,,,,,,,,,,,,,,,,,,,,,,,,,,,,,,,,,,,,,,,,,,,,,,,,,,,,,,,,,,,,,,,,,,,,,,,,,,,,,,,,,,,,,,,,,,,,,,,,,,,,,,
Seconds0to60,392,15.541,15.500,2.759,15.784,0.139,8.000,24.800,,,,,,,,,,,,,,,,,,,,,,,,,,,,,,,,,,,,,,,,,,,,,,,,,,,,,,,,,,,,,,,,,,,,,,,,,,,,,,,,,,,,,,,,,,,,,,,,,,,,,,,,,,,,,,,,,,,,,,,,,,,,,,,,,,,,,,,,,,,,,,,,,,,,,,,,,,,,,,,,,,,,,,,,,,,,,,,,,,,,,,,,,,,,,,,,,,,,,,,,,,,,,,,,,,,,,,,,,,,,,,,,,,,,,,,,,,,,,,,,,,,,,,,,,,,,,,,,,,,,,,,,,,,,,,,,,,,,,,,,,,,,,,,,,,,,
Weight1000lb,392,2.978,2.804,0.849,3.096,0.043,1.613,5.140,,,,,,,,,,,,,,,,,,,,,,,,,,,,,,,,,,,,,,,,,,,,,,,,,,,,,,,,,,,,,,,,,,,,,,,,,,,,,,,,,,,,,,,,,,,,,,,,,,,,,,,,,,,,,,,,,,,,,,,,,,,,,,,,,,,,,,,,,,,,,,,,,,,,,,,,,,,,,,,,,,,,,,,,,,,,,,,,,,,,,,,,,,,,,,,,,,,,,,,,,,,,,,,,,,,,,,,,,,,,,,,,,,,,,,,,,,,,,,,,,,,,,,,,,,,,,,,,,,,,,,,,,,,,,,,,,,,,,,,,,,,,,,,,,,,,
Year,392,75.980,76.000,3.684,76.069,0.186,70.000,82.000,,,,,,,,,,,,,,,,,,,,,,,,,,,,,,,,,,,,,,,,,,,,,,,,,,,,,,,,,,,,,,,,,,,,,,,,,,,,,,,,,,,,,,,,,,,,,,,,,,,,,,,,,,,,,,,,,,,,,,,,,,,,,,,,,,,,,,,,,,,,,,,,,,,,,,,,,,,,,,,,,,,,,,,,,,,,,,,,,,,,,,,,,,,,,,,,,,,,,,,,,,,,,,,,,,,,,,,,,,,,,,,,,,,,,,,,,,,,,,,,,,,,,,,,,,,,,,,,,,,,,,,,,,,,,,,,,,,,,,,,,,,,,,,,,,,,

Correlation Matrix (n=392),,,,,,,,,,,,,,,,,,,,,,,,,,,,,,,,,,,,,,,,,,,,,,,,,,,,,,,,,,,,,,,,,,,,,,,,,,,,,,,,,,,,,,,,,,,,,,,,,,,,,,,,,,,,,,,,,,,,,,,,,,,,,,,,,,,,,,,,,,,,,,,,,,,,,,,,,,,,,,,,,,,,,,,,,,,,,,,,,,,,,,,,,,,,,,,,,,,,,,,,,,,,,,,,,,,,,,,,,,,,,,,,,,,,,,,,,,,,,,,,,,,,,,,,,,,,,,,,,,,,,,,,,,,,,,,,,,,,,,,,,,,,,,,,,,,,,,,,,,,,
Variable      ,           MPG,,,,,,,,,,,,,,,,,,,,,,,,,,,,,,,,,,,,,,,,,,,,,,,,,,,,,,,,,,,,,,,,,,,,,,,,,,,,,,,,,,,,,,,,,,,,,,,,,,,,,,,,,,,,,,,,,,,,,,,,,,,,,,,,,,,,,,,,,,,,,,,,,,,,,,,,,,,,,,,,,,,,,,,,,,,,,,,,,,,,,,,,,,,,,,,,,,,,,,,,,,,,,,,,,,,,,,,,,,,,,,,,,,,,,,,,,,,,,,,,,,,,,,,,,,,,,,,,,,,,,,,,,,,,,,,,,,,,,,,,,,,,,,,,,,,,,,,,,,,
MPG,1.000,      Cylinders,,,,,,,,,,,,,,,,,,,,,,,,,,,,,,,,,,,,,,,,,,,,,,,,,,,,,,,,,,,,,,,,,,,,,,,,,,,,,,,,,,,,,,,,,,,,,,,,,,,,,,,,,,,,,,,,,,,,,,,,,,,,,,,,,,,,,,,,,,,,,,,,,,,,,,,,,,,,,,,,,,,,,,,,,,,,,,,,,,,,,,,,,,,,,,,,,,,,,,,,,,,,,,,,,,,,,,,,,,,,,,,,,,,,,,,,,,,,,,,,,,,,,,,,,,,,,,,,,,,,,,,,,,,,,,,,,,,,,,,,,,,,,,,,,,,,,,,,,,
Cylinders,-0.778,1.000,      Displacement100ci,,,,,,,,,,,,,,,,,,,,,,,,,,,,,,,,,,,,,,,,,,,,,,,,,,,,,,,,,,,,,,,,,,,,,,,,,,,,,,,,,,,,,,,,,,,,,,,,,,,,,,,,,,,,,,,,,,,,,,,,,,,,,,,,,,,,,,,,,,,,,,,,,,,,,,,,,,,,,,,,,,,,,,,,,,,,,,,,,,,,,,,,,,,,,,,,,,,,,,,,,,,,,,,,,,,,,,,,,,,,,,,,,,,,,,,,,,,,,,,,,,,,,,,,,,,,,,,,,,,,,,,,,,,,,,,,,,,,,,,,,,,,,,,,,,,,,,,,,
Displacement100ci,-0.805,0.951,1.000,      Horsepower100,,,,,,,,,,,,,,,,,,,,,,,,,,,,,,,,,,,,,,,,,,,,,,,,,,,,,,,,,,,,,,,,,,,,,,,,,,,,,,,,,,,,,,,,,,,,,,,,,,,,,,,,,,,,,,,,,,,,,,,,,,,,,,,,,,,,,,,,,,,,,,,,,,,,,,,,,,,,,,,,,,,,,,,,,,,,,,,,,,,,,,,,,,,,,,,,,,,,,,,,,,,,,,,,,,,,,,,,,,,,,,,,,,,,,,,,,,,,,,,,,,,,,,,,,,,,,,,,,,,,,,,,,,,,,,,,,,,,,,,,,,,,,,,,,,,,,,,,
Horsepower100,-0.778,0.843,0.897,1.000,        Origin,,,,,,,,,,,,,,,,,,,,,,,,,,,,,,,,,,,,,,,,,,,,,,,,,,,,,,,,,,,,,,,,,,,,,,,,,,,,,,,,,,,,,,,,,,,,,,,,,,,,,,,,,,,,,,,,,,,,,,,,,,,,,,,,,,,,,,,,,,,,,,,,,,,,,,,,,,,,,,,,,,,,,,,,,,,,,,,,,,,,,,,,,,,,,,,,,,,,,,,,,,,,,,,,,,,,,,,,,,,,,,,,,,,,,,,,,,,,,,,,,,,,,,,,,,,,,,,,,,,,,,,,,,,,,,,,,,,,,,,,,,,,,,,,,,,,,,,
Origin,0.565,-0.569,-0.615,-0.455,1.000,      Seconds0to60,,,,,,,,,,,,,,,,,,,,,,,,,,,,,,,,,,,,,,,,,,,,,,,,,,,,,,,,,,,,,,,,,,,,,,,,,,,,,,,,,,,,,,,,,,,,,,,,,,,,,,,,,,,,,,,,,,,,,,,,,,,,,,,,,,,,,,,,,,,,,,,,,,,,,,,,,,,,,,,,,,,,,,,,,,,,,,,,,,,,,,,,,,,,,,,,,,,,,,,,,,,,,,,,,,,,,,,,,,,,,,,,,,,,,,,,,,,,,,,,,,,,,,,,,,,,,,,,,,,,,,,,,,,,,,,,,,,,,,,,,,,,,,,,,,,,,,
Seconds0to60,0.423,-0.505,-0.544,-0.689,0.213,1.000,      Weight1000lb,,,,,,,,,,,,,,,,,,,,,,,,,,,,,,,,,,,,,,,,,,,,,,,,,,,,,,,,,,,,,,,,,,,,,,,,,,,,,,,,,,,,,,,,,,,,,,,,,,,,,,,,,,,,,,,,,,,,,,,,,,,,,,,,,,,,,,,,,,,,,,,,,,,,,,,,,,,,,,,,,,,,,,,,,,,,,,,,,,,,,,,,,,,,,,,,,,,,,,,,,,,,,,,,,,,,,,,,,,,,,,,,,,,,,,,,,,,,,,,,,,,,,,,,,,,,,,,,,,,,,,,,,,,,,,,,,,,,,,,,,,,,,,,,,,,,,
Weight1000lb,-0.832,0.898,0.933,0.865,-0.585,-0.417,1.000,          Year,,,,,,,,,,,,,,,,,,,,,,,,,,,,,,,,,,,,,,,,,,,,,,,,,,,,,,,,,,,,,,,,,,,,,,,,,,,,,,,,,,,,,,,,,,,,,,,,,,,,,,,,,,,,,,,,,,,,,,,,,,,,,,,,,,,,,,,,,,,,,,,,,,,,,,,,,,,,,,,,,,,,,,,,,,,,,,,,,,,,,,,,,,,,,,,,,,,,,,,,,,,,,,,,,,,,,,,,,,,,,,,,,,,,,,,,,,,,,,,,,,,,,,,,,,,,,,,,,,,,,,,,,,,,,,,,,,,,,,,,,,,,,,,,,,,,
Year,0.581,-0.346,-0.370,-0.416,0.182,0.290,-0.309,1.000,,,,,,,,,,,,,,,,,,,,,,,,,,,,,,,,,,,,,,,,,,,,,,,,,,,,,,,,,,,,,,,,,,,,,,,,,,,,,,,,,,,,,,,,,,,,,,,,,,,,,,,,,,,,,,,,,,,,,,,,,,,,,,,,,,,,,,,,,,,,,,,,,,,,,,,,,,,,,,,,,,,,,,,,,,,,,,,,,,,,,,,,,,,,,,,,,,,,,,,,,,,,,,,,,,,,,,,,,,,,,,,,,,,,,,,,,,,,,,,,,,,,,,,,,,,,,,,,,,,,,,,,,,,,,,,,,,,,,,,,,,,,,,,,,,,,

Scatterplots,,Hi-res picture,,,,,,,,,,,,,,,,,,,,,,,,,,,,,,,,,,,,,,,,,,,,,,,,,,,,,,,,,,,,,,,,,,,,,,,,,,,,,,,,,,,,,,,,,,,,,,,,,,,,,,,,,,,,,,,,,,,,,,,,,,,,,,,,,,,,,,,,,,,,,,,,,,,,,,,,,,,,,,,,,,,,,,,,,,,,,,,,,,,,,,,,,,,,,,,,,,,,,,,,,,,,,,,,,,,,,,,,,,,,,,,,,,,,,,,,,,,,,,,,,,,,,,,,,,,,,,,,,,,,,,,,,,,,,,,,,,,,,,,,,,,,,,,,,,,,,,,,,,
.,,,,,,,,,,,,,,,,,,,,,,,,,,,,,,,,,,,,,,,,,,,,,,,,,,,,,,,,,,,,,,,,,,,,,,,,,,,,,,,,,,,,,,,,,,,,,,,,,,,,,,,,,,,,,,,,,,,,,,,,,,,,,,,,,,,,,,,,,,,,,,,,,,,,,,,,,,,,,,,,,,,,,,,,,,,,,,,,,,,,,,,,,,,,,,,,,,,,,,,,,,,,,,,,,,,,,,,,,,,,,,,,,,,,,,,,,,,,,,,,,,,,,,,,,,,,,,,,,,,,,,,,,,,,,,,,,,,,,,,,,,,,,,,,,,,,,,,,,,,,















.,,,,,,,,,,,,,,,,,,,,,,,,,,,,,,,,,,,,,,,,,,,,,,,,,,,,,,,,,,,,,,,,,,,,,,,,,,,,,,,,,,,,,,,,,,,,,,,,,,,,,,,,,,,,,,,,,,,,,,,,,,,,,,,,,,,,,,,,,,,,,,,,,,,,,,,,,,,,,,,,,,,,,,,,,,,,,,,,,,,,,,,,,,,,,,,,,,,,,,,,,,,,,,,,,,,,,,,,,,,,,,,,,,,,,,,,,,,,,,,,,,,,,,,,,,,,,,,,,,,,,,,,,,,,,,,,,,,,,,,,,,,,,,,,,,,,,,,,,,,,















.,,,,,,,,,,,,,,,,,,,,,,,,,,,,,,,,,,,,,,,,,,,,,,,,,,,,,,,,,,,,,,,,,,,,,,,,,,,,,,,,,,,,,,,,,,,,,,,,,,,,,,,,,,,,,,,,,,,,,,,,,,,,,,,,,,,,,,,,,,,,,,,,,,,,,,,,,,,,,,,,,,,,,,,,,,,,,,,,,,,,,,,,,,,,,,,,,,,,,,,,,,,,,,,,,,,,,,,,,,,,,,,,,,,,,,,,,,,,,,,,,,,,,,,,,,,,,,,,,,,,,,,,,,,,,,,,,,,,,,,,,,,,,,,,,,,,,,,,,,,,

















End of Output,,,,,,,,,,,,,,,,,,,,,,,,,,,,,,,,,,,,,,,,,,,,,,,,,,,,,,,,,,,,,,,,,,,,,,,,,,,,,,,,,,,,,,,,,,,,,,,,,,,,,,,,,,,,,,,,,,,,,,,,,,,,,,,,,,,,,,,,,,,,,,,,,,,,,,,,,,,,,,,,,,,,,,,,,,,,,,,,,,,,,,,,,,,,,,,,,,,,,,,,,,,,,,,,,,,,,,,,,,,,,,,,,,,,,,,,,,,,,,,,,,,,,,,,,,,,,,,,,,,,,,,,,,,,,,,,,,,,,,,,,,,,,,,,,,,,,,,,,,,,
Descriptive Statistics,GP100M plots,,,,,,,,,,,Color,Font,,,,,,,,,Observation #,20.000,,12/14/18 1:37 PM on FACDS414 - GP100M plots - AutoMPGstats2.xlsx - RegressItPC - Version 2018.12.07,,,,,,,,,,,,,,,,,,,,,,,,,,,,,,,,,,,,,,,,,,,,,,,,,,,,,,,,,,,,,,,,,,,,,,,,,,,,,,,,,,,,,,,,,,,,,,,,,,,,,,,,,,,,,,,,,,,,,,,,,,,,,,,,,,,,,,,,,,,,,,,,,,,,,,,,,,,,,,,,,,,,,,,,,,,,,,,,,,,,,,,,,,,,,,,,,,,,,,,,,,,,,,,,,,,,,,,,,,,,,,,,,,,,,,,,,,,,,,,,,,,,,,,,,,,,,,,,,,,,,,,,,,,,,,,,,,,12/14/18 1:37 PM on FACDS414 - GP100M plots - AutoMPGstats2.xlsx - RegressItPC - Version 2018.12.07
Variable      ,# Fitted,Mean,Median,Std.Dev.,Root.M.Sqr.,Std.Err.Mean,Minimum,Maximum,,,,,,,,,,,,,,,,,,,,,,,,,,,,,,,,,,,,,,,,,,,,,,,,,,,,,,,,,,,,,,,,,,,,,,,,,,,,,,,,,,,,,,,,,,,,,,,,,,,,,,,,,,,,,,,,,,,,,,,,,,,,,,,,,,,,,,,,,,,,,,,,,,,,,,,,,,,,,,,,,,,,,,,,,,,,,,,,,,,,,,,,,,,,,,,,,,,,,,,,,,,,,,,,,,,,,,,,,,,,,,,,,,,,,,,,,,,,,,,,,,,,,,,,,,,,,,,,,,,,,,,,,,,,,,,,,,,,,,,,,,,,,,,,,,,,
GallonsPer100Miles,392,4.782,4.396,1.664,5.063,0.084,2.146,11.111,,,,,,,,,,,,,,,,,,,,,,,,,,,,,,,,,,,,,,,,,,,,,,,,,,,,,,,,,,,,,,,,,,,,,,,,,,,,,,,,,,,,,,,,,,,,,,,,,,,,,,,,,,,,,,,,,,,,,,,,,,,,,,,,,,,,,,,,,,,,,,,,,,,,,,,,,,,,,,,,,,,,,,,,,,,,,,,,,,,,,,,,,,,,,,,,,,,,,,,,,,,,,,,,,,,,,,,,,,,,,,,,,,,,,,,,,,,,,,,,,,,,,,,,,,,,,,,,,,,,,,,,,,,,,,,,,,,,,,,,,,,,,,,,,,,,
Cylinders,392,5.472,4.000,1.706,5.731,0.086,3.000,8.000,,,,,,,,,,,,,,,,,,,,,,,,,,,,,,,,,,,,,,,,,,,,,,,,,,,,,,,,,,,,,,,,,,,,,,,,,,,,,,,,,,,,,,,,,,,,,,,,,,,,,,,,,,,,,,,,,,,,,,,,,,,,,,,,,,,,,,,,,,,,,,,,,,,,,,,,,,,,,,,,,,,,,,,,,,,,,,,,,,,,,,,,,,,,,,,,,,,,,,,,,,,,,,,,,,,,,,,,,,,,,,,,,,,,,,,,,,,,,,,,,,,,,,,,,,,,,,,,,,,,,,,,,,,,,,,,,,,,,,,,,,,,,,,,,,,,
Displacement100ci,392,1.944,1.510,1.046,2.207,0.053,0.680,4.550,,,,,,,,,,,,,,,,,,,,,,,,,,,,,,,,,,,,,,,,,,,,,,,,,,,,,,,,,,,,,,,,,,,,,,,,,,,,,,,,,,,,,,,,,,,,,,,,,,,,,,,,,,,,,,,,,,,,,,,,,,,,,,,,,,,,,,,,,,,,,,,,,,,,,,,,,,,,,,,,,,,,,,,,,,,,,,,,,,,,,,,,,,,,,,,,,,,,,,,,,,,,,,,,,,,,,,,,,,,,,,,,,,,,,,,,,,,,,,,,,,,,,,,,,,,,,,,,,,,,,,,,,,,,,,,,,,,,,,,,,,,,,,,,,,,,
Horsepower100,392,1.045,0.935,0.385,1.113,0.019,0.460,2.300,,,,,,,,,,,,,,,,,,,,,,,,,,,,,,,,,,,,,,,,,,,,,,,,,,,,,,,,,,,,,,,,,,,,,,,,,,,,,,,,,,,,,,,,,,,,,,,,,,,,,,,,,,,,,,,,,,,,,,,,,,,,,,,,,,,,,,,,,,,,,,,,,,,,,,,,,,,,,,,,,,,,,,,,,,,,,,,,,,,,,,,,,,,,,,,,,,,,,,,,,,,,,,,,,,,,,,,,,,,,,,,,,,,,,,,,,,,,,,,,,,,,,,,,,,,,,,,,,,,,,,,,,,,,,,,,,,,,,,,,,,,,,,,,,,,,
Origin,392,1.577,1.000,0.806,1.770,0.041,1.000,3.000,,,,,,,,,,,,,,,,,,,,,,,,,,,,,,,,,,,,,,,,,,,,,,,,,,,,,,,,,,,,,,,,,,,,,,,,,,,,,,,,,,,,,,,,,,,,,,,,,,,,,,,,,,,,,,,,,,,,,,,,,,,,,,,,,,,,,,,,,,,,,,,,,,,,,,,,,,,,,,,,,,,,,,,,,,,,,,,,,,,,,,,,,,,,,,,,,,,,,,,,,,,,,,,,,,,,,,,,,,,,,,,,,,,,,,,,,,,,,,,,,,,,,,,,,,,,,,,,,,,,,,,,,,,,,,,,,,,,,,,,,,,,,,,,,,,,
Seconds0to60,392,15.541,15.500,2.759,15.784,0.139,8.000,24.800,,,,,,,,,,,,,,,,,,,,,,,,,,,,,,,,,,,,,,,,,,,,,,,,,,,,,,,,,,,,,,,,,,,,,,,,,,,,,,,,,,,,,,,,,,,,,,,,,,,,,,,,,,,,,,,,,,,,,,,,,,,,,,,,,,,,,,,,,,,,,,,,,,,,,,,,,,,,,,,,,,,,,,,,,,,,,,,,,,,,,,,,,,,,,,,,,,,,,,,,,,,,,,,,,,,,,,,,,,,,,,,,,,,,,,,,,,,,,,,,,,,,,,,,,,,,,,,,,,,,,,,,,,,,,,,,,,,,,,,,,,,,,,,,,,,,
Weight1000lb,392,2.978,2.804,0.849,3.096,0.043,1.613,5.140,,,,,,,,,,,,,,,,,,,,,,,,,,,,,,,,,,,,,,,,,,,,,,,,,,,,,,,,,,,,,,,,,,,,,,,,,,,,,,,,,,,,,,,,,,,,,,,,,,,,,,,,,,,,,,,,,,,,,,,,,,,,,,,,,,,,,,,,,,,,,,,,,,,,,,,,,,,,,,,,,,,,,,,,,,,,,,,,,,,,,,,,,,,,,,,,,,,,,,,,,,,,,,,,,,,,,,,,,,,,,,,,,,,,,,,,,,,,,,,,,,,,,,,,,,,,,,,,,,,,,,,,,,,,,,,,,,,,,,,,,,,,,,,,,,,,
Year,392,75.980,76.000,3.684,76.069,0.186,70.000,82.000,,,,,,,,,,,,,,,,,,,,,,,,,,,,,,,,,,,,,,,,,,,,,,,,,,,,,,,,,,,,,,,,,,,,,,,,,,,,,,,,,,,,,,,,,,,,,,,,,,,,,,,,,,,,,,,,,,,,,,,,,,,,,,,,,,,,,,,,,,,,,,,,,,,,,,,,,,,,,,,,,,,,,,,,,,,,,,,,,,,,,,,,,,,,,,,,,,,,,,,,,,,,,,,,,,,,,,,,,,,,,,,,,,,,,,,,,,,,,,,,,,,,,,,,,,,,,,,,,,,,,,,,,,,,,,,,,,,,,,,,,,,,,,,,,,,,

Correlation Matrix (n=392),,,,,,,,,,,,,,,,,,,,,,,,,,,,,,,,,,,,,,,,,,,,,,,,,,,,,,,,,,,,,,,,,,,,,,,,,,,,,,,,,,,,,,,,,,,,,,,,,,,,,,,,,,,,,,,,,,,,,,,,,,,,,,,,,,,,,,,,,,,,,,,,,,,,,,,,,,,,,,,,,,,,,,,,,,,,,,,,,,,,,,,,,,,,,,,,,,,,,,,,,,,,,,,,,,,,,,,,,,,,,,,,,,,,,,,,,,,,,,,,,,,,,,,,,,,,,,,,,,,,,,,,,,,,,,,,,,,,,,,,,,,,,,,,,,,,,,,,,,,,
Variable      ,      GallonsPer100Miles,,,,,,,,,,,,,,,,,,,,,,,,,,,,,,,,,,,,,,,,,,,,,,,,,,,,,,,,,,,,,,,,,,,,,,,,,,,,,,,,,,,,,,,,,,,,,,,,,,,,,,,,,,,,,,,,,,,,,,,,,,,,,,,,,,,,,,,,,,,,,,,,,,,,,,,,,,,,,,,,,,,,,,,,,,,,,,,,,,,,,,,,,,,,,,,,,,,,,,,,,,,,,,,,,,,,,,,,,,,,,,,,,,,,,,,,,,,,,,,,,,,,,,,,,,,,,,,,,,,,,,,,,,,,,,,,,,,,,,,,,,,,,,,,,,,,,,,,,,,
GallonsPer100Miles,1.000,      Cylinders,,,,,,,,,,,,,,,,,,,,,,,,,,,,,,,,,,,,,,,,,,,,,,,,,,,,,,,,,,,,,,,,,,,,,,,,,,,,,,,,,,,,,,,,,,,,,,,,,,,,,,,,,,,,,,,,,,,,,,,,,,,,,,,,,,,,,,,,,,,,,,,,,,,,,,,,,,,,,,,,,,,,,,,,,,,,,,,,,,,,,,,,,,,,,,,,,,,,,,,,,,,,,,,,,,,,,,,,,,,,,,,,,,,,,,,,,,,,,,,,,,,,,,,,,,,,,,,,,,,,,,,,,,,,,,,,,,,,,,,,,,,,,,,,,,,,,,,,,,
Cylinders,0.839,1.000,      Displacement100ci,,,,,,,,,,,,,,,,,,,,,,,,,,,,,,,,,,,,,,,,,,,,,,,,,,,,,,,,,,,,,,,,,,,,,,,,,,,,,,,,,,,,,,,,,,,,,,,,,,,,,,,,,,,,,,,,,,,,,,,,,,,,,,,,,,,,,,,,,,,,,,,,,,,,,,,,,,,,,,,,,,,,,,,,,,,,,,,,,,,,,,,,,,,,,,,,,,,,,,,,,,,,,,,,,,,,,,,,,,,,,,,,,,,,,,,,,,,,,,,,,,,,,,,,,,,,,,,,,,,,,,,,,,,,,,,,,,,,,,,,,,,,,,,,,,,,,,,,,
Displacement100ci,0.866,0.951,1.000,      Horsepower100,,,,,,,,,,,,,,,,,,,,,,,,,,,,,,,,,,,,,,,,,,,,,,,,,,,,,,,,,,,,,,,,,,,,,,,,,,,,,,,,,,,,,,,,,,,,,,,,,,,,,,,,,,,,,,,,,,,,,,,,,,,,,,,,,,,,,,,,,,,,,,,,,,,,,,,,,,,,,,,,,,,,,,,,,,,,,,,,,,,,,,,,,,,,,,,,,,,,,,,,,,,,,,,,,,,,,,,,,,,,,,,,,,,,,,,,,,,,,,,,,,,,,,,,,,,,,,,,,,,,,,,,,,,,,,,,,,,,,,,,,,,,,,,,,,,,,,,,
Horsepower100,0.855,0.843,0.897,1.000,        Origin,,,,,,,,,,,,,,,,,,,,,,,,,,,,,,,,,,,,,,,,,,,,,,,,,,,,,,,,,,,,,,,,,,,,,,,,,,,,,,,,,,,,,,,,,,,,,,,,,,,,,,,,,,,,,,,,,,,,,,,,,,,,,,,,,,,,,,,,,,,,,,,,,,,,,,,,,,,,,,,,,,,,,,,,,,,,,,,,,,,,,,,,,,,,,,,,,,,,,,,,,,,,,,,,,,,,,,,,,,,,,,,,,,,,,,,,,,,,,,,,,,,,,,,,,,,,,,,,,,,,,,,,,,,,,,,,,,,,,,,,,,,,,,,,,,,,,,,
Origin,-0.533,-0.569,-0.615,-0.455,1.000,      Seconds0to60,,,,,,,,,,,,,,,,,,,,,,,,,,,,,,,,,,,,,,,,,,,,,,,,,,,,,,,,,,,,,,,,,,,,,,,,,,,,,,,,,,,,,,,,,,,,,,,,,,,,,,,,,,,,,,,,,,,,,,,,,,,,,,,,,,,,,,,,,,,,,,,,,,,,,,,,,,,,,,,,,,,,,,,,,,,,,,,,,,,,,,,,,,,,,,,,,,,,,,,,,,,,,,,,,,,,,,,,,,,,,,,,,,,,,,,,,,,,,,,,,,,,,,,,,,,,,,,,,,,,,,,,,,,,,,,,,,,,,,,,,,,,,,,,,,,,,,
Seconds0to60,-0.456,-0.505,-0.544,-0.689,0.213,1.000,      Weight1000lb,,,,,,,,,,,,,,,,,,,,,,,,,,,,,,,,,,,,,,,,,,,,,,,,,,,,,,,,,,,,,,,,,,,,,,,,,,,,,,,,,,,,,,,,,,,,,,,,,,,,,,,,,,,,,,,,,,,,,,,,,,,,,,,,,,,,,,,,,,,,,,,,,,,,,,,,,,,,,,,,,,,,,,,,,,,,,,,,,,,,,,,,,,,,,,,,,,,,,,,,,,,,,,,,,,,,,,,,,,,,,,,,,,,,,,,,,,,,,,,,,,,,,,,,,,,,,,,,,,,,,,,,,,,,,,,,,,,,,,,,,,,,,,,,,,,,,
Weight1000lb,0.885,0.898,0.933,0.865,-0.585,-0.417,1.000,          Year,,,,,,,,,,,,,,,,,,,,,,,,,,,,,,,,,,,,,,,,,,,,,,,,,,,,,,,,,,,,,,,,,,,,,,,,,,,,,,,,,,,,,,,,,,,,,,,,,,,,,,,,,,,,,,,,,,,,,,,,,,,,,,,,,,,,,,,,,,,,,,,,,,,,,,,,,,,,,,,,,,,,,,,,,,,,,,,,,,,,,,,,,,,,,,,,,,,,,,,,,,,,,,,,,,,,,,,,,,,,,,,,,,,,,,,,,,,,,,,,,,,,,,,,,,,,,,,,,,,,,,,,,,,,,,,,,,,,,,,,,,,,,,,,,,,,
Year,-0.558,-0.346,-0.370,-0.416,0.182,0.290,-0.309,1.000,,,,,,,,,,,,,,,,,,,,,,,,,,,,,,,,,,,,,,,,,,,,,,,,,,,,,,,,,,,,,,,,,,,,,,,,,,,,,,,,,,,,,,,,,,,,,,,,,,,,,,,,,,,,,,,,,,,,,,,,,,,,,,,,,,,,,,,,,,,,,,,,,,,,,,,,,,,,,,,,,,,,,,,,,,,,,,,,,,,,,,,,,,,,,,,,,,,,,,,,,,,,,,,,,,,,,,,,,,,,,,,,,,,,,,,,,,,,,,,,,,,,,,,,,,,,,,,,,,,,,,,,,,,,,,,,,,,,,,,,,,,,,,,,,,,,

Scatterplots,,Hi-res picture,,,,,,,,,,,,,,,,,,,,,,,,,,,,,,,,,,,,,,,,,,,,,,,,,,,,,,,,,,,,,,,,,,,,,,,,,,,,,,,,,,,,,,,,,,,,,,,,,,,,,,,,,,,,,,,,,,,,,,,,,,,,,,,,,,,,,,,,,,,,,,,,,,,,,,,,,,,,,,,,,,,,,,,,,,,,,,,,,,,,,,,,,,,,,,,,,,,,,,,,,,,,,,,,,,,,,,,,,,,,,,,,,,,,,,,,,,,,,,,,,,,,,,,,,,,,,,,,,,,,,,,,,,,,,,,,,,,,,,,,,,,,,,,,,,,,,,,,,,
.,,,,,,,,,,,,,,,,,,,,,,,,,,,,,,,,,,,,,,,,,,,,,,,,,,,,,,,,,,,,,,,,,,,,,,,,,,,,,,,,,,,,,,,,,,,,,,,,,,,,,,,,,,,,,,,,,,,,,,,,,,,,,,,,,,,,,,,,,,,,,,,,,,,,,,,,,,,,,,,,,,,,,,,,,,,,,,,,,,,,,,,,,,,,,,,,,,,,,,,,,,,,,,,,,,,,,,,,,,,,,,,,,,,,,,,,,,,,,,,,,,,,,,,,,,,,,,,,,,,,,,,,,,,,,,,,,,,,,,,,,,,,,,,,,,,,,,,,,,,,















.,,,,,,,,,,,,,,,,,,,,,,,,,,,,,,,,,,,,,,,,,,,,,,,,,,,,,,,,,,,,,,,,,,,,,,,,,,,,,,,,,,,,,,,,,,,,,,,,,,,,,,,,,,,,,,,,,,,,,,,,,,,,,,,,,,,,,,,,,,,,,,,,,,,,,,,,,,,,,,,,,,,,,,,,,,,,,,,,,,,,,,,,,,,,,,,,,,,,,,,,,,,,,,,,,,,,,,,,,,,,,,,,,,,,,,,,,,,,,,,,,,,,,,,,,,,,,,,,,,,,,,,,,,,,,,,,,,,,,,,,,,,,,,,,,,,,,,,,,,,,















.,,,,,,,,,,,,,,,,,,,,,,,,,,,,,,,,,,,,,,,,,,,,,,,,,,,,,,,,,,,,,,,,,,,,,,,,,,,,,,,,,,,,,,,,,,,,,,,,,,,,,,,,,,,,,,,,,,,,,,,,,,,,,,,,,,,,,,,,,,,,,,,,,,,,,,,,,,,,,,,,,,,,,,,,,,,,,,,,,,,,,,,,,,,,,,,,,,,,,,,,,,,,,,,,,,,,,,,,,,,,,,,,,,,,,,,,,,,,,,,,,,,,,,,,,,,,,,,,,,,,,,,,,,,,,,,,,,,,,,,,,,,,,,,,,,,,,,,,,,,,

















End of Output,,,,,,,,,,,,,,,,,,,,,,,,,,,,,,,,,,,,,,,,,,,,,,,,,,,,,,,,,,,,,,,,,,,,,,,,,,,,,,,,,,,,,,,,,,,,,,,,,,,,,,,,,,,,,,,,,,,,,,,,,,,,,,,,,,,,,,,,,,,,,,,,,,,,,,,,,,,,,,,,,,,,,,,,,,,,,,,,,,,,,,,,,,,,,,,,,,,,,,,,,,,,,,,,,,,,,,,,,,,,,,,,,,,,,,,,,,,,,,,,,,,,,,,,,,,,,,,,,,,,,,,,,,,,,,,,,,,,,,,,,,,,,,,,,,,,,,,,,,,,
Model:,Model 1,,,,,,,,,,,White,No Font,NoHeaders,,With P-value,Editable,,,No Comment,,,,Notes,12/14/18 1:39 PM on FACDS414 - Model 1 - AutoMPGstats3.xlsx - RegressItPC - Version 2018.12.07,,,,,,,,,,,,,,,,,,,,,,,,,,,,,,,,,,,,,,,,,,,,,,,,,,,,12/14/18 1:39 PM on FACDS414 - Model 1 - AutoMPGstats3.xlsx - RegressItPC - Version 2018.12.07
Dependent Variable:,,GallonsPer100Miles,,,,,,,,,,,,,,"Model 1 (#vars=1, n=392, AdjRsq=0.783): GallonsPer100Miles << Weight1000lb",No preceding model in this sequence.,"Model 1 last follower visited was Model 2 (#vars=8, n=392, AdjRsq=0.884): GallonsPer100Miles << Cylinders, Displacement100ci, Horsepower100, Origin.Eq.2, Origin.Eq.3, Seconds0to60, Weight1000lb, Year","Model 1 following model is Model 2 (#vars=8, n=392, AdjRsq=0.884): GallonsPer100Miles << Cylinders, Displacement100ci, Horsepower100, Origin.Eq.2, Origin.Eq.3, Seconds0to60, Weight1000lb, Year",,,,,,,,,,,,,,,,,,,,,,,,,,,,,,,,,,,,,,,,,,,,,,,,,,,,,,,,,,
Independent Variables:,,,,,,,,,,,,,,,,,,,,,,,,,,"Actual and Predicted -vs- Observation #
Model 1 for GallonsPer100Miles    (1 variable, n=392)",,,,,,,,,,,,,,,,,,,,,,,,,,,,,,,,,,,,,,,,,,,,,,,,,,,
Weight1000lb,,,,,,,,,,,,,,,,,,,,,,,,,,,,,,,,,,,,,,,,,,,,,,,,,,,,,,,,,,,,,,,,,,,,,,,,,,,,,
Equation:,,,,,,,,,,,,,,,,,,,,,,,,,,,,,,,,,,,,,,,,,,,,,,,,,,,,,,,,,,,,,,,,,,,,,,,,,,,,,
Predicted GallonsPer100Miles = -0.380 + 1.734*Weight1000lb,,,,,,,,,,,,,,,,,,,,,,,,,,,,,,,,,,,,,,,,,,,,,,,,,,,,,,,,,,,,,,,,,,,,,,,,,,,,,
,,,,,,,,,R code:,"Model.1 <- lm(GallonsPer100Miles ~ Weight1000lb, data = AutoMPG)",,,,,,,,,,,,,,,,,,,,,,,,,,,,,,,,,,,,,,,,,,,,,,,,,,,,,,,,,,,,,,,,,,,
"Regression Statistics:    Model 1 for GallonsPer100Miles    (1 variable, n=392)",,,,,,,,,,,,,,,,,,,,,,,,,,,,,,,,,,,,,,,,,,,,,,,,,,,,,,,,,,,,,,,,,,,,,,,,,,,,,
,R-Squared,Adj.R-Sqr.,Std.Err.Reg. ,Std.Dep.Var.,# Fitted,# Missing,"t(2.50%,390)",Confidence,,,,,,,,,,,,,,,,,,,,,,,,,,,,,,,,,,,,,,,,,,,,,,,,,,,,,,,,,,,,,,,,,,,,,
,0.783,0.783,0.776,1.664,392,0,1.966,95.0%,,,,,,,,,,,,,,,,,,,,,,,,,,,,,,,,,,,,,,,,,,,,,,,,,,,,,,,,,,,,,,,,,,,,,

"Coefficient Estimates:    Model 1 for GallonsPer100Miles    (1 variable, n=392)",,,,,,,,,,,,,,,,,,,,,,,,,,,,,,,,,,,,,,,,,,,,,,,,,,,,,,,,,,,,,,,,,,,,,,,,,,,,,
Variable,Coefficient,Std.Err.,t-Statistic,P-value,Lower95%,Upper95%,VIF,Std. Coeff.,,,,,,,,,,,,,,,,,,,,,,,,,,,,,,,,,,,,,,,,,,,,,,,,,,,,,,,,,,,,,,,,,,,,,
 Constant,-0.380,0.143,-2.660,0.008,-0.661,-0.099,0.000,0.000,,,,,,,,,,,,,,,,,,,,,,,,,,,,,,,,,,,,,,,,,,,,,,,,,,,,,,,,,,,,,,,,,,,,,
Weight1000lb,1.734,0.046,37.549,0.000,1.643,1.825,1.000,0.885,,,,,,,,,,,,,,,,,,,,,,,,,,,,,,,,,,,,,,,,,,,,,,,,,,,,,,,,,,,,,,,,,,,,,

"Analysis of Variance:    Model 1 for GallonsPer100Miles    (1 variable, n=392)",,,,,,,,,,,,,,,,,,,,,,,,,,,,,,,,,,,,,,,,,,,,,,,,,,,,,,,,,,,,,,,,,,,,,,,,,,,,,
Source,Deg. Freedom,Sum Squares,Mean Square,F-Statistic,P-value,,,,,,,,,,,,,,,,,,,,,,,,,,,,,,,,,,,,,,,,,,,,,,,,,,,,,,,,,,,,,,,,,,,,,,,,
Regression,1,847.999,847.999,1409.923,0.000,,,,,,,,,,,,,,,,,,,,,,,,,,,,,,,,,,,,,,,,,,,,,,,,,,,,,,,,,,,,,,,,,,,,,,,,
Residual,390,234.566,0.601,,,,,,,,,,,,,,,,,,,,,,,,,,,,,,,,,,,,,,,,,,,,,,,,,,,,,,,,,,,,,,,,,,,,,,,,,,
Total,391,"1,083",,,,,,,,,,,,,,,,,,,,,,,,,,,,,,,,,,,,,,,,,,,,,,,,,,,,,,,,,,,,,,,,,,,,,,,,,,,

Line Fit Plot,,,,,,,,,,,,,,,,,,,,,,,,,,,,,,,,,,,,,,,,,,,,,,,,,,,,,,,,,,,,,,,,,,,,,,,,,,,,,

,Weight1000lb,StdErrMean,StdErrFcst,Predicted,Lower 95%,Upper 95%,,,,,,,,,,,,,,,,,,,,,,,,,,,,,,,,,,,,,,,,,,,,,,,,,,,,,,,,,,,,,,,,,,,,,,,
,1.613,0.074,0.779,2.416,0.885,3.948,,,,,,,,,,,,,,,,,,,,,,,,,,,,,,,,,,,,,,,,,,,,,,,,,,,,,,,,,,,,,,,,,,,,,,,
,2.495,0.045,0.777,3.945,2.418,5.472,,,,,,,,,,,,,,,,,,,,,,,,,,,,,,,,,,,,,,,,,,,,,,,,,,,,,,,,,,,,,,,,,,,,,,,
,3.377,0.043,0.777,5.474,3.947,7.001,,,,,,,,,,,,,,,,,,,,,,,,,,,,,,,,,,,,,,,,,,,,,,,,,,,,,,,,,,,,,,,,,,,,,,,
,4.258,0.071,0.779,7.003,5.472,8.534,,,,,,,,,,,,,,,,,,,,,,,,,,,,,,,,,,,,,,,,,,,,,,,,,,,,,,,,,,,,,,,,,,,,,,,
,5.140,0.107,0.783,8.531,6.992,10.071,,,,,,,,,,,,,,,,,,,,,,,,,,,,,,,,,,,,,,,,,,,,,,,,,,,,,,,,,,,,,,,,,,,,,,,














"Error Distribution Statistics:    Model 1 for GallonsPer100Miles    (1 variable, n=392)",,,,,,,,,,,,,,,,,,,,,,,,,,,,,,,,,,,,,,,,,,,,,,,,,,,,,,,,,,,,,,,,,,,,,,,,,,,,,
,Mean Error,RMSE,MAE,Minimum,Maximum,MAPE,A-D* stat,,,,,,,,,,,,,,,,,,,,,,,,,,,,,,,,,,,,,,,,,,,,,,,,,,,,,,,,,,,,,,,,,,,,,,
Fitted (n=392),0.000,0.774,0.579,-2.319,3.287,13.1%,1.76 (P=0.000),,,,,,,,,,,,,,,,,,,,,,,,,,,,,,,,,,,,,,,,,,,,,,,,,,,,,,,,,,,,,,,,,,,,,,


Actual and Predicted -vs- Observation #,,,,,,,,,,,,,,,,,,,,,,,,,,,,,,,,,,,,,,,,,,,,,,,,,,,,,,,,,,,,,,,,,,,,,,,,,,,,,


,,FALSE,,,,,,,,,,,,,,,,,,,,,,,,,,,,,,,,,,,,,,,,,,,,,,,,,,,,,,,,,,,,,,,,,,,,,,,,,,,


















Residual -vs- Observation #,,,,,,,,,,,,,,,,,,,,,,,,,,,,,,,,,,,,,,,,,,,,,,,,,,,,,,,,,,,,,,,,,,,,,,,,,,,,,





















Residual -vs- Predicted,,,,,,,,,,,,,,,,,,,,,,,,,,,,,,,,,,,,,,,,,,,,,,,,,,,,,,,,,,,,,,,,,,,,,,,,,,,,,





















Histogram of Residuals,,,,,,,,,,,,,,,,,,,,,,,,,,,,,,,,,,,,,,,,,,,,,,,,,,,,,,,,,,,,,,,,,,,,,,,,,,,,,





















Normal Quantile Plot,,,,,,,,,,,,,,,,,,,,,,,,,,,,,,,,,,,,,,,,,,,,,,,,,,,,,,,,,,,,,,,,,,,,,,,,,,,,,























End of Output,,,,,,,,,,,,,,,,,,,,,,,,,,,,,,,,,,,,,,,,,,,,,,,,,,,,,,,,,,,,,,,,,,,,,,,,,,,,,
Model:,Model 2,,,,,,,,,,,Color,Font,NoHeaders,,With P-value,Hi-res picture,,,No Comment,,,,Notes,12/14/18 1:42 PM on FACDS414 - Model 2 - AutoMPGmodel1.xlsx - RegressItPC - Version 2018.12.07,,,,,,,,,,,,,,,,,,,,,,,,,,,,,,,,,,,,,,,,,,,,,,,,,,,,12/14/18 1:42 PM on FACDS414 - Model 2 - AutoMPGmodel1.xlsx - RegressItPC - Version 2018.12.07
Dependent Variable:,,GallonsPer100Miles,,,,,,,,,,,,,,"Model 2 (#vars=8, n=392, AdjRsq=0.884): GallonsPer100Miles << Cylinders, Displacement100ci, Horsepower100, Origin.Eq.2, Origin.Eq.3, Seconds0to60, Weight1000lb, Year","Model 2 preceding model was Model 1 (#vars=1, n=392, AdjRsq=0.783): GallonsPer100Miles << Weight1000lb","Model 2 last follower visited was Model 3 (#vars=7, n=392, AdjRsq=0.883): GallonsPer100Miles << Cylinders, Horsepower100, Origin.Eq.2, Origin.Eq.3, Seconds0to60, Weight1000lb, Year","Model 2 following model is Model 3 (#vars=7, n=392, AdjRsq=0.883): GallonsPer100Miles << Cylinders, Horsepower100, Origin.Eq.2, Origin.Eq.3, Seconds0to60, Weight1000lb, Year",,,,,,,,,,,,,,,,,,,,,,,,,,,,,,,,,,,,,,,,,,,,,,,,,,,,,,,,,,
Independent Variables:,,,,,,,,,,,,,,,,,,,,,,,,,,"Actual and Predicted -vs- Observation #
Model 2 for GallonsPer100Miles    (8 variables, n=392)",,,,,,,,,,,,,,,,,,,,,,,,,,,,,,,,,,,,,,,,,,,,,,,,,,,
"Cylinders, Displacement100ci, Horsepower100, Origin.Eq.2, Origin.Eq.3, Seconds0to60, Weight1000lb, Year",,,,,,,,,,,,,,,,,,,,,,,,,,,,,,,,,,,,,,,,,,,,,,,,,,,,,,,,,,,,,,,,,,,,,,,,,,,,,
Equation:,,,,,,,,,,,,,,,,,,,,,,,,,,,,,,,,,,,,,,,,,,,,,,,,,,,,,,,,,,,,,,,,,,,,,,,,,,,,,
Predicted GallonsPer100Miles = 9.392 + 0.15*Cylinders - 0.323*Displacement100ci + 1.275*Horsepower100 - 0.296*Origin.Eq.2 - 0.203*Origin.Eq.3 + 0.034*Seconds0to60 + 1.125*Weight1000lb - 0.131*Year,,,,,,,,,,,,,,,,,,,,,,,,,,,,,,,,,,,,,,,,,,,,,,,,,,,,,,,,,,,,,,,,,,,,,,,,,,,,,
,,,,,,,,,R code:,"Model.2 <- lm(GallonsPer100Miles ~ Cylinders +  Displacement100ci +  Horsepower100 +  Origin.Eq.2 +  Origin.Eq.3 +  Seconds0to60 +  Weight1000lb +  Year, data = AutoMPG)",,,,,,,,,,,,,,,,,,,,,,,,,,,,,,,,,,,,,,,,,,,,,,,,,,,,,,,,,,,,,,,,,,,
"Regression Statistics:    Model 2 for GallonsPer100Miles    (8 variables, n=392)",,,,,,,,,,,,,,,,,,,,,,,,,,,,,,,,,,,,,,,,,,,,,,,,,,,,,,,,,,,,,,,,,,,,,,,,,,,,,
,R-Squared,Adj.R-Sqr.,Std.Err.Reg. ,Std.Dep.Var.,# Fitted,# Missing,"t(2.50%,383)",Confidence,,,,,,,,,,,,,,,,,,,,,,,,,,,,,,,,,,,,,,,,,,,,,,,,,,,,,,,,,,,,,,,,,,,,,
,0.887,0.884,0.566,1.664,392,0,1.966,95.0%,,,,,,,,,,,,,,,,,,,,,,,,,,,,,,,,,,,,,,,,,,,,,,,,,,,,,,,,,,,,,,,,,,,,,

"Coefficient Estimates:    Model 2 for GallonsPer100Miles    (8 variables, n=392)",,,,,,,,,,,,,,,,,,,,,,,,,,,,,,,,,,,,,,,,,,,,,,,,,,,,,,,,,,,,,,,,,,,,,,,,,,,,,
Variable,Coefficient,Std.Err.,t-Statistic,P-value,Lower95%,Upper95%,VIF,Std. Coeff.,,,,,,,,,,,,,,,,,,,,,,,,,,,,,,,,,,,,,,,,,,,,,,,,,,,,,,,,,,,,,,,,,,,,,
 Constant,9.392,0.800,11.739,0.000,7.819,10.965,0.000,0.000,,,,,,,,,,,,,,,,,,,,,,,,,,,,,,,,,,,,,,,,,,,,,,,,,,,,,,,,,,,,,,,,,,,,,
Cylinders,0.150,0.055,2.734,0.007,0.042,0.258,10.738,0.154,,,,,,,,,,,,,,,,,,,,,,,,,,,,,,,,,,,,,,,,,,,,,,,,,,,,,,,,,,,,,,,,,,,,,
Displacement100ci,-0.323,0.131,-2.467,0.014,-0.580,-0.066,22.938,-0.203,,,,,,,,,,,,,,,,,,,,,,,,,,,,,,,,,,,,,,,,,,,,,,,,,,,,,,,,,,,,,,,,,,,,,
Horsepower100,1.275,0.235,5.437,0.000,0.814,1.736,9.957,0.295,,,,,,,,,,,,,,,,,,,,,,,,,,,,,,,,,,,,,,,,,,,,,,,,,,,,,,,,,,,,,,,,,,,,,
Origin.Eq.2,-0.296,0.097,-3.053,0.002,-0.486,-0.105,1.649,-0.067,,,,,,,,,,,,,,,,,,,,,,,,,,,,,,,,,,,,,,,,,,,,,,,,,,,,,,,,,,,,,,,,,,,,,
Origin.Eq.3,-0.203,0.095,-2.142,0.033,-0.388,-0.017,1.763,-0.049,,,,,,,,,,,,,,,,,,,,,,,,,,,,,,,,,,,,,,,,,,,,,,,,,,,,,,,,,,,,,,,,,,,,,
Seconds0to60,0.034,0.017,2.051,0.041,0.001417,0.067,2.626,0.057,,,,,,,,,,,,,,,,,,,,,,,,,,,,,,,,,,,,,,,,,,,,,,,,,,,,,,,,,,,,,,,,,,,,,
Weight1000lb,1.125,0.112,10.035,0.000,0.904,1.345,11.074,0.574,,,,,,,,,,,,,,,,,,,,,,,,,,,,,,,,,,,,,,,,,,,,,,,,,,,,,,,,,,,,,,,,,,,,,
Year,-0.131,0.008858,-14.750,0.000,-0.148,-0.113,1.301,-0.289,,,,,,,,,,,,,,,,,,,,,,,,,,,,,,,,,,,,,,,,,,,,,,,,,,,,,,,,,,,,,,,,,,,,,

"Analysis of Variance:    Model 2 for GallonsPer100Miles    (8 variables, n=392)",,,,,,,,,,,,,,,,,,,,,,,,,,,,,,,,,,,,,,,,,,,,,,,,,,,,,,,,,,,,,,,,,,,,,,,,,,,,,
Source,Deg. Freedom,Sum Squares,Mean Square,F-Statistic,P-value,,,,,,,,,,,,,,,,,,,,,,,,,,,,,,,,,,,,,,,,,,,,,,,,,,,,,,,,,,,,,,,,,,,,,,,,
Regression,8,960.035,120.004,375.104,0.000,,,,,,,,,,,,,,,,,,,,,,,,,,,,,,,,,,,,,,,,,,,,,,,,,,,,,,,,,,,,,,,,,,,,,,,,
Residual,383,122.531,0.320,,,,,,,,,,,,,,,,,,,,,,,,,,,,,,,,,,,,,,,,,,,,,,,,,,,,,,,,,,,,,,,,,,,,,,,,,,
Total,391,"1,083",,,,,,,,,,,,,,,,,,,,,,,,,,,,,,,,,,,,,,,,,,,,,,,,,,,,,,,,,,,,,,,,,,,,,,,,,,,

"Error Distribution Statistics:    Model 2 for GallonsPer100Miles    (8 variables, n=392)",,,,,,,,,,,,,,,,,,,,,,,,,,,,,,,,,,,,,,,,,,,,,,,,,,,,,,,,,,,,,,,,,,,,,,,,,,,,,
,Mean Error,RMSE,MAE,Minimum,Maximum,MAPE,A-D* stat,,,,,,,,,,,,,,,,,,,,,,,,,,,,,,,,,,,,,,,,,,,,,,,,,,,,,,,,,,,,,,,,,,,,,,
Fitted (n=392),0.000,0.559,0.417,-1.584,2.372,9.0%,2.41 (P=0.000),,,,,,,,,,,,,,,,,,,,,,,,,,,,,,,,,,,,,,,,,,,,,,,,,,,,,,,,,,,,,,,,,,,,,,


Actual and Predicted -vs- Observation #,,,,,,,,,,,,,,,,,,,,,,,,,,,,,,,,,,,,,,,,,,,,,,,,,,,,,,,,,,,,,,,,,,,,,,,,,,,,,


,,FALSE,,,,,,,,,,,,,,,,,,,,,,,,,,,,,,,,,,,,,,,,,,,,,,,,,,,,,,,,,,,,,,,,,,,,,,,,,,,


















Residual -vs- Observation #,,,,,,,,,,,,,,,,,,,,,,,,,,,,,,,,,,,,,,,,,,,,,,,,,,,,,,,,,,,,,,,,,,,,,,,,,,,,,





















Residual -vs- Predicted,,,,,,,,,,,,,,,,,,,,,,,,,,,,,,,,,,,,,,,,,,,,,,,,,,,,,,,,,,,,,,,,,,,,,,,,,,,,,





















Histogram of Residuals,,,,,,,,,,,,,,,,,,,,,,,,,,,,,,,,,,,,,,,,,,,,,,,,,,,,,,,,,,,,,,,,,,,,,,,,,,,,,





















Normal Quantile Plot,,,,,,,,,,,,,,,,,,,,,,,,,,,,,,,,,,,,,,,,,,,,,,,,,,,,,,,,,,,,,,,,,,,,,,,,,,,,,























End of Output,,,,,,,,,,,,,,,,,,,,,,,,,,,,,,,,,,,,,,,,,,,,,,,,,,,,,,,,,,,,,,,,,,,,,,,,,,,,,
Model:,Model 3,,,,,,,,,,,Color,Font,NoHeaders,,With P-value,Hi-res picture,,,No Comment,,,,Notes,12/14/18 1:43 PM on FACDS414 - Model 3 - AutoMPGmodel2.xlsx - RegressItPC - Version 2018.12.07,,,,,,,,,,,,,,,,,,,,,,,,,,,,,,,,,,,,,,,,,,,,,,,,,,,,12/14/18 1:43 PM on FACDS414 - Model 3 - AutoMPGmodel2.xlsx - RegressItPC - Version 2018.12.07
Dependent Variable:,,GallonsPer100Miles,,,,,,,,,,,,,,"Model 3 (#vars=7, n=392, AdjRsq=0.883): GallonsPer100Miles << Cylinders, Horsepower100, Origin.Eq.2, Origin.Eq.3, Seconds0to60, Weight1000lb, Year","Model 3 preceding model was Model 2 (#vars=8, n=392, AdjRsq=0.884): GallonsPer100Miles << Cylinders, Displacement100ci, Horsepower100, Origin.Eq.2, Origin.Eq.3, Seconds0to60, Weight1000lb, Year","Model 3 last follower visited was Model 4 (#vars=3, n=392, AdjRsq=0.88): GallonsPer100Miles << Horsepower100, Weight1000lb, Year","Model 3 following model is Model 4 (#vars=3, n=392, AdjRsq=0.88): GallonsPer100Miles << Horsepower100, Weight1000lb, Year",,,,,,,,,,,,,,,,,,,,,,,,,,,,,,,,,,,,,,,,,,,,,,,,,,,,,,,,,,
Independent Variables:,,,,,,,,,,,,,,,,,,,,,,,,,,"Actual and Predicted -vs- Observation #
Model 3 for GallonsPer100Miles    (7 variables, n=392)",,,,,,,,,,,,,,,,,,,,,,,,,,,,,,,,,,,,,,,,,,,,,,,,,,,
"Cylinders, Horsepower100, Origin.Eq.2, Origin.Eq.3, Seconds0to60, Weight1000lb, Year",,,,,,,,,,,,,,,,,,,,,,,,,,,,,,,,,,,,,,,,,,,,,,,,,,,,,,,,,,,,,,,,,,,,,,,,,,,,,
Equation:,,,,,,,,,,,,,,,,,,,,,,,,,,,,,,,,,,,,,,,,,,,,,,,,,,,,,,,,,,,,,,,,,,,,,,,,,,,,,
Predicted GallonsPer100Miles = 9.481 + 0.063*Cylinders + 1.105*Horsepower100 - 0.214*Origin.Eq.2 - 0.13*Origin.Eq.3 + 0.039*Seconds0to60 + 1.013*Weight1000lb - 0.128*Year,,,,,,,,,,,,,,,,,,,,,,,,,,,,,,,,,,,,,,,,,,,,,,,,,,,,,,,,,,,,,,,,,,,,,,,,,,,,,
,,,,,,,,,R code:,"Model.3 <- lm(GallonsPer100Miles ~ Cylinders +  Horsepower100 +  Origin.Eq.2 +  Origin.Eq.3 +  Seconds0to60 +  Weight1000lb +  Year, data = AutoMPG)",,,,,,,,,,,,,,,,,,,,,,,,,,,,,,,,,,,,,,,,,,,,,,,,,,,,,,,,,,,,,,,,,,,
"Regression Statistics:    Model 3 for GallonsPer100Miles    (7 variables, n=392)",,,,,,,,,,,,,,,,,,,,,,,,,,,,,,,,,,,,,,,,,,,,,,,,,,,,,,,,,,,,,,,,,,,,,,,,,,,,,
,R-Squared,Adj.R-Sqr.,Std.Err.Reg. ,Std.Dep.Var.,# Fitted,# Missing,"t(2.50%,384)",Confidence,,,,,,,,,,,,,,,,,,,,,,,,,,,,,,,,,,,,,,,,,,,,,,,,,,,,,,,,,,,,,,,,,,,,,
,0.885,0.883,0.569,1.664,392,0,1.966,95.0%,,,,,,,,,,,,,,,,,,,,,,,,,,,,,,,,,,,,,,,,,,,,,,,,,,,,,,,,,,,,,,,,,,,,,

"Coefficient Estimates:    Model 3 for GallonsPer100Miles    (7 variables, n=392)",,,,,,,,,,,,,,,,,,,,,,,,,,,,,,,,,,,,,,,,,,,,,,,,,,,,,,,,,,,,,,,,,,,,,,,,,,,,,
Variable,Coefficient,Std.Err.,t-Statistic,P-value,Lower95%,Upper95%,VIF,Std. Coeff.,,,,,,,,,,,,,,,,,,,,,,,,,,,,,,,,,,,,,,,,,,,,,,,,,,,,,,,,,,,,,,,,,,,,,
 Constant,9.481,0.805,11.784,0.000,7.899,11.062,0.000,0.000,,,,,,,,,,,,,,,,,,,,,,,,,,,,,,,,,,,,,,,,,,,,,,,,,,,,,,,,,,,,,,,,,,,,,
Cylinders,0.063,0.042,1.483,0.139,-0.020,0.146,6.250,0.064,,,,,,,,,,,,,,,,,,,,,,,,,,,,,,,,,,,,,,,,,,,,,,,,,,,,,,,,,,,,,,,,,,,,,
Horsepower100,1.105,0.226,4.897,0.000,0.661,1.548,9.096,0.256,,,,,,,,,,,,,,,,,,,,,,,,,,,,,,,,,,,,,,,,,,,,,,,,,,,,,,,,,,,,,,,,,,,,,
Origin.Eq.2,-0.214,0.092,-2.335,0.020,-0.394,-0.034,1.456,-0.049,,,,,,,,,,,,,,,,,,,,,,,,,,,,,,,,,,,,,,,,,,,,,,,,,,,,,,,,,,,,,,,,,,,,,
Origin.Eq.3,-0.130,0.091,-1.440,0.151,-0.308,0.048,1.594,-0.031,,,,,,,,,,,,,,,,,,,,,,,,,,,,,,,,,,,,,,,,,,,,,,,,,,,,,,,,,,,,,,,,,,,,,
Seconds0to60,0.039,0.017,2.289,0.023,0.005440,0.072,2.600,0.064,,,,,,,,,,,,,,,,,,,,,,,,,,,,,,,,,,,,,,,,,,,,,,,,,,,,,,,,,,,,,,,,,,,,,
Weight1000lb,1.013,0.103,9.817,0.000,0.810,1.216,9.261,0.517,,,,,,,,,,,,,,,,,,,,,,,,,,,,,,,,,,,,,,,,,,,,,,,,,,,,,,,,,,,,,,,,,,,,,
Year,-0.128,0.008863,-14.472,0.000,-0.146,-0.111,1.286,-0.284,,,,,,,,,,,,,,,,,,,,,,,,,,,,,,,,,,,,,,,,,,,,,,,,,,,,,,,,,,,,,,,,,,,,,

"Analysis of Variance:    Model 3 for GallonsPer100Miles    (7 variables, n=392)",,,,,,,,,,,,,,,,,,,,,,,,,,,,,,,,,,,,,,,,,,,,,,,,,,,,,,,,,,,,,,,,,,,,,,,,,,,,,
Source,Deg. Freedom,Sum Squares,Mean Square,F-Statistic,P-value,,,,,,,,,,,,,,,,,,,,,,,,,,,,,,,,,,,,,,,,,,,,,,,,,,,,,,,,,,,,,,,,,,,,,,,,
Regression,7,958.088,136.870,422.228,0.000,,,,,,,,,,,,,,,,,,,,,,,,,,,,,,,,,,,,,,,,,,,,,,,,,,,,,,,,,,,,,,,,,,,,,,,,
Residual,384,124.478,0.324,,,,,,,,,,,,,,,,,,,,,,,,,,,,,,,,,,,,,,,,,,,,,,,,,,,,,,,,,,,,,,,,,,,,,,,,,,
Total,391,"1,083",,,,,,,,,,,,,,,,,,,,,,,,,,,,,,,,,,,,,,,,,,,,,,,,,,,,,,,,,,,,,,,,,,,,,,,,,,,

"Error Distribution Statistics:    Model 3 for GallonsPer100Miles    (7 variables, n=392)",,,,,,,,,,,,,,,,,,,,,,,,,,,,,,,,,,,,,,,,,,,,,,,,,,,,,,,,,,,,,,,,,,,,,,,,,,,,,
,Mean Error,RMSE,MAE,Minimum,Maximum,MAPE,A-D* stat,,,,,,,,,,,,,,,,,,,,,,,,,,,,,,,,,,,,,,,,,,,,,,,,,,,,,,,,,,,,,,,,,,,,,,
Fitted (n=392),0.000,0.564,0.412,-1.607,2.471,8.9%,3.03 (P=0.000),,,,,,,,,,,,,,,,,,,,,,,,,,,,,,,,,,,,,,,,,,,,,,,,,,,,,,,,,,,,,,,,,,,,,,


Actual and Predicted -vs- Observation #,,,,,,,,,,,,,,,,,,,,,,,,,,,,,,,,,,,,,,,,,,,,,,,,,,,,,,,,,,,,,,,,,,,,,,,,,,,,,


,,FALSE,,,,,,,,,,,,,,,,,,,,,,,,,,,,,,,,,,,,,,,,,,,,,,,,,,,,,,,,,,,,,,,,,,,,,,,,,,,


















Residual -vs- Observation #,,,,,,,,,,,,,,,,,,,,,,,,,,,,,,,,,,,,,,,,,,,,,,,,,,,,,,,,,,,,,,,,,,,,,,,,,,,,,





















Residual -vs- Predicted,,,,,,,,,,,,,,,,,,,,,,,,,,,,,,,,,,,,,,,,,,,,,,,,,,,,,,,,,,,,,,,,,,,,,,,,,,,,,





















Histogram of Residuals,,,,,,,,,,,,,,,,,,,,,,,,,,,,,,,,,,,,,,,,,,,,,,,,,,,,,,,,,,,,,,,,,,,,,,,,,,,,,





















Normal Quantile Plot,,,,,,,,,,,,,,,,,,,,,,,,,,,,,,,,,,,,,,,,,,,,,,,,,,,,,,,,,,,,,,,,,,,,,,,,,,,,,























End of Output,,,,,,,,,,,,,,,,,,,,,,,,,,,,,,,,,,,,,,,,,,,,,,,,,,,,,,,,,,,,,,,,,,,,,,,,,,,,,
Model:,Model 4,,,,,,,,,,,Color,Font,NoHeaders,,With P-value,Hi-res picture,,,No Comment,,,,Notes,12/14/18 1:45 PM on FACDS414 - Model 4 - AutoMPGmodel3.xlsx - RegressItPC - Version 2018.12.07,,,,,,,,,,,,,,,,,,,,,,,,,,,,,,,,,,,,,,,,,,,,,,,,,,,,12/14/18 1:45 PM on FACDS414 - Model 4 - AutoMPGmodel3.xlsx - RegressItPC - Version 2018.12.07
Dependent Variable:,,GallonsPer100Miles,,,,,,,,,,,,,,"Model 4 (#vars=3, n=392, AdjRsq=0.88): GallonsPer100Miles << Horsepower100, Weight1000lb, Year","Model 4 preceding model was Model 3 (#vars=7, n=392, AdjRsq=0.883): GallonsPer100Miles << Cylinders, Horsepower100, Origin.Eq.2, Origin.Eq.3, Seconds0to60, Weight1000lb, Year","Model 4 last follower visited was Model 5 (#vars=3, n=362, AdjRsq=0.874): GallonsPer100MilesTo1981 << Horsepower100, Weight1000lb, Year","Model 4 following model is Model 5 (#vars=3, n=362, AdjRsq=0.874): GallonsPer100MilesTo1981 << Horsepower100, Weight1000lb, Year",,,,,,,,,,,,,,,,,,,,,,,,,,,,,,,,,,,,,,,,,,,,,,,,,,,,,,,,,,
Independent Variables:,,,,,,,,,,,,,,,,,,,,,,,,,,"Actual and Predicted -vs- Observation #
Model 4 for GallonsPer100Miles    (3 variables, n=392)",,,,,,,,,,,,,,,,,,,,,,,,,,,,,,,,,,,,,,,,,,,,,,,,,,,
"Horsepower100, Weight1000lb, Year",,,,,,,,,,,,,,,,,,,,,,,,,,,,,,,,,,,,,,,,,,,,,,,,,,,,,,,,,,,,,,,,,,,,,,,,,,,,,
Equation:,,,,,,,,,,,,,,,,,,,,,,,,,,,,,,,,,,,,,,,,,,,,,,,,,,,,,,,,,,,,,,,,,,,,,,,,,,,,,
Predicted GallonsPer100Miles = 9.972 + 0.81*Horsepower100 + 1.245*Weight1000lb - 0.128*Year,,,,,,,,,,,,,,,,,,,,,,,,,,,,,,,,,,,,,,,,,,,,,,,,,,,,,,,,,,,,,,,,,,,,,,,,,,,,,
,,,,,,,,,R code:,"Model.4 <- lm(GallonsPer100Miles ~ Horsepower100 +  Weight1000lb +  Year, data = AutoMPG)",,,,,,,,,,,,,,,,,,,,,,,,,,,,,,,,,,,,,,,,,,,,,,,,,,,,,,,,,,,,,,,,,,,
"Regression Statistics:    Model 4 for GallonsPer100Miles    (3 variables, n=392)",,,,,,,,,,,,,,,,,,,,,,,,,,,,,,,,,,,,,,,,,,,,,,,,,,,,,,,,,,,,,,,,,,,,,,,,,,,,,
,R-Squared,Adj.R-Sqr.,Std.Err.Reg. ,Std.Dep.Var.,# Fitted,# Missing,"t(2.50%,388)",Confidence,,,,,,,,,,,,,,,,,,,,,,,,,,,,,,,,,,,,,,,,,,,,,,,,,,,,,,,,,,,,,,,,,,,,,
,0.881,0.880,0.576,1.664,392,0,1.966,95.0%,,,,,,,,,,,,,,,,,,,,,,,,,,,,,,,,,,,,,,,,,,,,,,,,,,,,,,,,,,,,,,,,,,,,,

"Coefficient Estimates:    Model 4 for GallonsPer100Miles    (3 variables, n=392)",,,,,,,,,,,,,,,,,,,,,,,,,,,,,,,,,,,,,,,,,,,,,,,,,,,,,,,,,,,,,,,,,,,,,,,,,,,,,
Variable,Coefficient,Std.Err.,t-Statistic,P-value,Lower95%,Upper95%,VIF,Std. Coeff.,,,,,,,,,,,,,,,,,,,,,,,,,,,,,,,,,,,,,,,,,,,,,,,,,,,,,,,,,,,,,,,,,,,,,
 Constant,9.972,0.703,14.192,0.000,8.591,11.354,0.000,0.000,,,,,,,,,,,,,,,,,,,,,,,,,,,,,,,,,,,,,,,,,,,,,,,,,,,,,,,,,,,,,,,,,,,,,
Horsepower100,0.810,0.159,5.106,0.000,0.498,1.122,4.386,0.187,,,,,,,,,,,,,,,,,,,,,,,,,,,,,,,,,,,,,,,,,,,,,,,,,,,,,,,,,,,,,,,,,,,,,
Weight1000lb,1.245,0.069,18.113,0.000,1.110,1.380,4.009,0.635,,,,,,,,,,,,,,,,,,,,,,,,,,,,,,,,,,,,,,,,,,,,,,,,,,,,,,,,,,,,,,,,,,,,,
Year,-0.128,0.008758,-14.640,0.000,-0.145,-0.111,1.225,-0.284,,,,,,,,,,,,,,,,,,,,,,,,,,,,,,,,,,,,,,,,,,,,,,,,,,,,,,,,,,,,,,,,,,,,,

"Analysis of Variance:    Model 4 for GallonsPer100Miles    (3 variables, n=392)",,,,,,,,,,,,,,,,,,,,,,,,,,,,,,,,,,,,,,,,,,,,,,,,,,,,,,,,,,,,,,,,,,,,,,,,,,,,,
Source,Deg. Freedom,Sum Squares,Mean Square,F-Statistic,P-value,,,,,,,,,,,,,,,,,,,,,,,,,,,,,,,,,,,,,,,,,,,,,,,,,,,,,,,,,,,,,,,,,,,,,,,,
Regression,3,953.655,317.885,956.789,0.000,,,,,,,,,,,,,,,,,,,,,,,,,,,,,,,,,,,,,,,,,,,,,,,,,,,,,,,,,,,,,,,,,,,,,,,,
Residual,388,128.910,0.332,,,,,,,,,,,,,,,,,,,,,,,,,,,,,,,,,,,,,,,,,,,,,,,,,,,,,,,,,,,,,,,,,,,,,,,,,,
Total,391,"1,083",,,,,,,,,,,,,,,,,,,,,,,,,,,,,,,,,,,,,,,,,,,,,,,,,,,,,,,,,,,,,,,,,,,,,,,,,,,

"Error Distribution Statistics:    Model 4 for GallonsPer100Miles    (3 variables, n=392)",,,,,,,,,,,,,,,,,,,,,,,,,,,,,,,,,,,,,,,,,,,,,,,,,,,,,,,,,,,,,,,,,,,,,,,,,,,,,
,Mean Error,RMSE,MAE,Minimum,Maximum,MAPE,A-D* stat,,,,,,,,,,,,,,,,,,,,,,,,,,,,,,,,,,,,,,,,,,,,,,,,,,,,,,,,,,,,,,,,,,,,,,
Fitted (n=392),0.000,0.573,0.419,-1.549,2.662,9.0%,3.27 (P=0.000),,,,,,,,,,,,,,,,,,,,,,,,,,,,,,,,,,,,,,,,,,,,,,,,,,,,,,,,,,,,,,,,,,,,,,


Actual and Predicted -vs- Observation #,,,,,,,,,,,,,,,,,,,,,,,,,,,,,,,,,,,,,,,,,,,,,,,,,,,,,,,,,,,,,,,,,,,,,,,,,,,,,


,,FALSE,,,,,,,,,,,,,,,,,,,,,,,,,,,,,,,,,,,,,,,,,,,,,,,,,,,,,,,,,,,,,,,,,,,,,,,,,,,


















Residual -vs- Observation #,,,,,,,,,,,,,,,,,,,,,,,,,,,,,,,,,,,,,,,,,,,,,,,,,,,,,,,,,,,,,,,,,,,,,,,,,,,,,





















Residual -vs- Predicted,,,,,,,,,,,,,,,,,,,,,,,,,,,,,,,,,,,,,,,,,,,,,,,,,,,,,,,,,,,,,,,,,,,,,,,,,,,,,





















Histogram of Residuals,,,,,,,,,,,,,,,,,,,,,,,,,,,,,,,,,,,,,,,,,,,,,,,,,,,,,,,,,,,,,,,,,,,,,,,,,,,,,





















Normal Quantile Plot,,,,,,,,,,,,,,,,,,,,,,,,,,,,,,,,,,,,,,,,,,,,,,,,,,,,,,,,,,,,,,,,,,,,,,,,,,,,,























End of Output,,,,,,,,,,,,,,,,,,,,,,,,,,,,,,,,,,,,,,,,,,,,,,,,,,,,,,,,,,,,,,,,,,,,,,,,,,,,,
Model:,Model 5,,,,,,,,,,,Color,Font,NoHeaders,,With P-value,Editable,,,No Comment,,,,Notes,12/14/18 2:14 PM on FACDS414 - Model 5 - AutoMPGmodel7.xlsx - RegressItPC - Version 2018.12.07,,,,,,,,,,,,,,,,,,,,,,,,,,,,,,,,,,,,,,,,,,,,,,,,,,,,12/14/18 2:14 PM on FACDS414 - Model 5 - AutoMPGmodel7.xlsx - RegressItPC - Version 2018.12.07,,,,,,,
Dependent Variable:,,GallonsPer100MilesTo1981,,,,,,,,,,,,,,"Model 5 (#vars=3, n=362, AdjRsq=0.874): GallonsPer100MilesTo1981 << Horsepower100, Weight1000lb, Year",No preceding model in this sequence.,No following model in this sequence.,,,,,,,,"Forecasts and 95.0% confidence limits for means and forecasts
Model 5 for GallonsPer100MilesTo1981    (3 variables, n=362)",,,,,,,,,,,,,,,,,,,,,,,,,,,,,,,,,,,,,,,,,,,,,,,,,,,,,,,,,,
Independent Variables:,,,,,,,,,,,,,,,,,,,,,,,,,,"Actual and Predicted -vs- Observation # with 95.0% confidence limits
Model 5 for GallonsPer100MilesTo1981    (3 variables, n=362)",,,,,,,,,,,,,,,,,,,,,,,,,,,,,,,,,,,,,,,,,,,,,,,,,,,,,,,,,,
"Horsepower100, Weight1000lb, Year",,,,,,,,,,,,,,,,,,,,,,,,,,,,,,,,,,,,,,,,,,,,,,,,,,,,,,,,,,,,,,,,,,,,,,,,,,,,,,,,,,,,
Equation:,,,,,,,,,,,,,,,,,,,,,,,,,,,,,,,,,,,,,,,,,,,,,,,,,,,,,,,,,,,,,,,,,,,,,,,,,,,,,,,,,,,,
Predicted GallonsPer100MilesTo1981 = 10.208 + 0.763*Horsepower100 + 1.268*Weight1000lb - 0.132*Year,,,,,,,,,,,,,,,,,,,,,,,,,,,,,,,,,,,,,,,,,,,,,,,,,,,,,,,,,,,,,,,,,,,,,,,,,,,,,,,,,,,,
,,,,,,,,,R code:,"Model.5 <- lm(GallonsPer100MilesTo1981 ~ Horsepower100 +  Weight1000lb +  Year, data = AutoMPG)",,,,,,,,,,,,,,,,,,,,,,,,,,,,,,,,,,,,,,,,,,,,,,,,,,,,,,,,,,,,,,,,,,,,,,,,,,
"Regression Statistics:    Model 5 for GallonsPer100MilesTo1981    (3 variables, n=362)",,,,,,,,,,,,,,,,,,,,,,,,,,,,,,,,,,,,,,,,,,,,,,,,,,,,,,,,,,,,,,,,,,,,,,,,,,,,,,,,,,,,
,R-Squared,Adj.R-Sqr.,Std.Err.Reg. ,Std.Dep.Var.,# Fitted,# Missing,"t(2.50%,358)",Confidence,,,,,,,,,,,,,,,,,,,,,,,,,,,,,,,,,,,,,,,,,,,,,,,,,,,,,,,,,,,,,,,,,,,,,,,,,,,,
,0.875,0.874,0.590,1.659,362,30,1.967,95.0%,,,,,,,,,,,,,,,,,,,,,,,,,,,,,,,,,,,,,,,,,,,,,,,,,,,,,,,,,,,,,,,,,,,,,,,,,,,,

"Coefficient Estimates:    Model 5 for GallonsPer100MilesTo1981    (3 variables, n=362)",,,,,,,,,,,,,,,,,,,,,,,,,,,,,,,,,,,,,,,,,,,,,,,,,,,,,,,,,,,,,,,,,,,,,,,,,,,,,,,,,,,,
Variable,Coefficient,Std.Err.,t-Statistic,P-value,Lower95%,Upper95%,VIF,Std. Coeff.,,,,,,,,,,,,,,,,,,,,,,,,,,,,,,,,,,,,,,,,,,,,,,,,,,,,,,,,,,,,,,,,,,,,,,,,,,,,
 Constant,10.208,0.794,12.856,0.000,8.647,11.770,0.000,0.000,,,,,,,,,,,,,,,,,,,,,,,,,,,,,,,,,,,,,,,,,,,,,,,,,,,,,,,,,,,,,,,,,,,,,,,,,,,,
Horsepower100,0.763,0.165,4.624,0.000,0.439,1.088,4.362,0.181,,,,,,,,,,,,,,,,,,,,,,,,,,,,,,,,,,,,,,,,,,,,,,,,,,,,,,,,,,,,,,,,,,,,,,,,,,,,
Weight1000lb,1.268,0.072,17.701,0.000,1.127,1.409,3.971,0.660,,,,,,,,,,,,,,,,,,,,,,,,,,,,,,,,,,,,,,,,,,,,,,,,,,,,,,,,,,,,,,,,,,,,,,,,,,,,
Year,-0.132,0.010,-13.053,0.000,-0.152,-0.112,1.208,-0.268,,,,,,,,,,,,,,,,,,,,,,,,,,,,,,,,,,,,,,,,,,,,,,,,,,,,,,,,,,,,,,,,,,,,,,,,,,,,

"Analysis of Variance:    Model 5 for GallonsPer100MilesTo1981    (3 variables, n=362)",,,,,,,,,,,,,,,,,,,,,,,,,,,,,,,,,,,,,,,,,,,,,,,,,,,,,,,,,,,,,,,,,,,,,,,,,,,,,,,,,,,,
Source,Deg. Freedom,Sum Squares,Mean Square,F-Statistic,P-value,,,,,,,,,,,,,,,,,,,,,,,,,,,,,,,,,,,,,,,,,,,,,,,,,,,,,,,,,,,,,,,,,,,,,,,,,,,,,,,
Regression,3,869.107,289.702,832.882,0.000,,,,,,,,,,,,,,,,,,,,,,,,,,,,,,,,,,,,,,,,,,,,,,,,,,,,,,,,,,,,,,,,,,,,,,,,,,,,,,,
Residual,358,124.523,0.348,,,,,,,,,,,,,,,,,,,,,,,,,,,,,,,,,,,,,,,,,,,,,,,,,,,,,,,,,,,,,,,,,,,,,,,,,,,,,,,,,
Total,361,993.630,,,,,,,,,,,,,,,,,,,,,,,,,,,,,,,,,,,,,,,,,,,,,,,,,,,,,,,,,,,,,,,,,,,,,,,,,,,,,,,,,,

"Error Distribution Statistics:    Model 5 for GallonsPer100MilesTo1981    (3 variables, n=362)",,,,,,,,,,,,,,,,,,,,,,,,,,,,,,,,,,,,,,,,,,,,,,,,,,,,,,,,,,,,,,,,,,,,,,,,,,,,,,,,,,,,
,Mean Error,RMSE,MAE,Minimum,Maximum,MAPE,A-D* stat,,,,,,,,,,,,,,,,,,,,,,,,,,,,,,,,,,,,,,,,,,,,,,,,,,,,,,,,,,,,,,,,,,,,,,,,,,,,,
Fitted (n=362),0.000,0.587,0.431,-1.525,2.648,9.0%,2.89 (P=0.000),,,,,,,,,,,,,,,,,,,,,,,,,,,,,,,,,,,,,,,,,,,,,,,,,,,,,,,,,,,,,,,,,,,,,,,,,,,,,


"Forecasts:  Model 5 for GallonsPer100MilesTo1981    (3 variables, n=362)",,,,,,,,,,,,,,,,,,,,,,,,,,,,,,,,,,,,,,,,,,,,,,,,,,,,,,,,,,,,,,,,,,,,,,,,,,,,,,,,,,,,
Obs#,Forecast,StErrFcst,Lower95%F,Upper95%F,StErrMean,Lower95%M,Upper95%M,   Horsepower100,   Weight1000lb,        Year,,,,,,,,,,,,,,,,,,,,,,,,,,,,,,,,,,,,,,,,,,,,,,,,,,,,,,,,,,,,,,,,,,,,,,,,,,
363,3.384,0.594,2.216,4.552,0.070,3.247,3.521,0.88,2.605,82,,,,,,,,,,,,,,,,,,,,,,,,,,,,,,,,,,,,,,,,,,,,,,,,,,,,,,,,,,,,,,,,,,,,,,,,,,1.168
364,3.428,0.594,2.261,4.596,0.069,3.293,3.564,0.88,2.64,82,,,,,,,,,,,,,,,,,,,,,,,,,,,,,,,,,,,,,,,,,,,,,,,,,,,,,,,,,,,,,,,,,,,,,,,,,,1.168
365,3.118,0.594,1.949,4.287,0.074,2.972,3.264,0.88,2.395,82,,,,,,,,,,,,,,,,,,,,,,,,,,,,,,,,,,,,,,,,,,,,,,,,,,,,,,,,,,,,,,,,,,,,,,,,,,1.169
366,3.323,0.594,2.155,4.491,0.069,3.188,3.459,0.85,2.575,82,,,,,,,,,,,,,,,,,,,,,,,,,,,,,,,,,,,,,,,,,,,,,,,,,,,,,,,,,,,,,,,,,,,,,,,,,,1.168
367,3.252,0.594,2.084,4.420,0.069,3.116,3.388,0.84,2.525,82,,,,,,,,,,,,,,,,,,,,,,,,,,,,,,,,,,,,,,,,,,,,,,,,,,,,,,,,,,,,,,,,,,,,,,,,,,1.168
368,3.564,0.594,2.397,4.732,0.069,3.429,3.700,0.9,2.735,82,,,,,,,,,,,,,,,,,,,,,,,,,,,,,,,,,,,,,,,,,,,,,,,,,,,,,,,,,,,,,,,,,,,,,,,,,,1.168
369,3.744,0.594,2.577,4.912,0.069,3.609,3.879,0.92,2.865,82,,,,,,,,,,,,,,,,,,,,,,,,,,,,,,,,,,,,,,,,,,,,,,,,,,,,,,,,,,,,,,,,,,,,,,,,,,1.168
370,2.485,0.595,1.315,3.655,0.078,2.331,2.638,0.74,1.98,82,,,,,,,,,,,,,,,,,,,,,,,,,,,,,,,,,,,,,,,,,,,,,,,,,,,,,,,,,,,,,,,,,,,,,,,,,,1.170
371,2.496,0.594,1.327,3.665,0.073,2.352,2.640,0.68,2.025,82,,,,,,,,,,,,,,,,,,,,,,,,,,,,,,,,,,,,,,,,,,,,,,,,,,,,,,,,,,,,,,,,,,,,,,,,,,1.169
372,2.426,0.595,1.257,3.595,0.075,2.279,2.574,0.68,1.97,82,,,,,,,,,,,,,,,,,,,,,,,,,,,,,,,,,,,,,,,,,,,,,,,,,,,,,,,,,,,,,,,,,,,,,,,,,,1.169
373,2.585,0.594,1.417,3.753,0.070,2.447,2.722,0.63,2.125,82,,,,,,,,,,,,,,,,,,,,,,,,,,,,,,,,,,,,,,,,,,,,,,,,,,,,,,,,,,,,,,,,,,,,,,,,,,1.168
374,2.638,0.594,1.470,3.806,0.072,2.497,2.779,0.7,2.125,82,,,,,,,,,,,,,,,,,,,,,,,,,,,,,,,,,,,,,,,,,,,,,,,,,,,,,,,,,,,,,,,,,,,,,,,,,,1.168
375,2.820,0.596,1.649,3.991,0.082,2.658,2.982,0.88,2.16,82,,,,,,,,,,,,,,,,,,,,,,,,,,,,,,,,,,,,,,,,,,,,,,,,,,,,,,,,,,,,,,,,,,,,,,,,,,1.171
376,2.778,0.594,1.609,3.946,0.072,2.636,2.919,0.75,2.205,82,,,,,,,,,,,,,,,,,,,,,,,,,,,,,,,,,,,,,,,,,,,,,,,,,,,,,,,,,,,,,,,,,,,,,,,,,,1.168
377,2.790,0.594,1.622,3.958,0.069,2.654,2.926,0.7,2.245,82,,,,,,,,,,,,,,,,,,,,,,,,,,,,,,,,,,,,,,,,,,,,,,,,,,,,,,,,,,,,,,,,,,,,,,,,,,1.168
378,2.412,0.594,1.243,3.581,0.075,2.265,2.559,0.67,1.965,82,,,,,,,,,,,,,,,,,,,,,,,,,,,,,,,,,,,,,,,,,,,,,,,,,,,,,,,,,,,,,,,,,,,,,,,,,,1.169
379,2.412,0.594,1.243,3.581,0.075,2.265,2.559,0.67,1.965,82,,,,,,,,,,,,,,,,,,,,,,,,,,,,,,,,,,,,,,,,,,,,,,,,,,,,,,,,,,,,,,,,,,,,,,,,,,1.169
380,2.450,0.594,1.281,3.619,0.074,2.305,2.595,0.67,1.995,82,,,,,,,,,,,,,,,,,,,,,,,,,,,,,,,,,,,,,,,,,,,,,,,,,,,,,,,,,,,,,,,,,,,,,,,,,,1.169
381,3.983,0.595,2.814,5.153,0.076,3.833,4.133,1.1,2.945,82,,,,,,,,,,,,,,,,,,,,,,,,,,,,,,,,,,,,,,,,,,,,,,,,,,,,,,,,,,,,,,,,,,,,,,,,,,1.169
382,3.881,0.594,2.713,5.049,0.070,3.743,4.020,0.85,3.015,82,,,,,,,,,,,,,,,,,,,,,,,,,,,,,,,,,,,,,,,,,,,,,,,,,,,,,,,,,,,,,,,,,,,,,,,,,,1.168
383,3.389,0.594,2.221,4.558,0.072,3.248,3.531,0.92,2.585,82,,,,,,,,,,,,,,,,,,,,,,,,,,,,,,,,,,,,,,,,,,,,,,,,,,,,,,,,,,,,,,,,,,,,,,,,,,1.168
384,3.859,0.595,2.688,5.030,0.080,3.701,4.017,1.12,2.835,82,,,,,,,,,,,,,,,,,,,,,,,,,,,,,,,,,,,,,,,,,,,,,,,,,,,,,,,,,,,,,,,,,,,,,,,,,,1.171
385,3.521,0.594,2.353,4.690,0.073,3.378,3.664,0.96,2.665,82,,,,,,,,,,,,,,,,,,,,,,,,,,,,,,,,,,,,,,,,,,,,,,,,,,,,,,,,,,,,,,,,,,,,,,,,,,1.169
386,3.056,0.594,1.887,4.224,0.072,2.913,3.198,0.84,2.37,82,,,,,,,,,,,,,,,,,,,,,,,,,,,,,,,,,,,,,,,,,,,,,,,,,,,,,,,,,,,,,,,,,,,,,,,,,,1.169
387,3.837,0.594,2.669,5.005,0.069,3.702,3.972,0.9,2.95,82,,,,,,,,,,,,,,,,,,,,,,,,,,,,,,,,,,,,,,,,,,,,,,,,,,,,,,,,,,,,,,,,,,,,,,,,,,1.168
388,3.603,0.594,2.436,4.771,0.068,3.470,3.737,0.86,2.79,82,,,,,,,,,,,,,,,,,,,,,,,,,,,,,,,,,,,,,,,,,,,,,,,,,,,,,,,,,,,,,,,,,,,,,,,,,,1.168
389,2.507,0.594,1.339,3.675,0.071,2.368,2.646,0.52,2.13,82,,,,,,,,,,,,,,,,,,,,,,,,,,,,,,,,,,,,,,,,,,,,,,,,,,,,,,,,,,,,,,,,,,,,,,,,,,1.168
390,2.960,0.594,1.791,4.129,0.075,2.814,3.107,0.84,2.295,82,,,,,,,,,,,,,,,,,,,,,,,,,,,,,,,,,,,,,,,,,,,,,,,,,,,,,,,,,,,,,,,,,,,,,,,,,,1.169
391,3.341,0.594,2.173,4.508,0.067,3.208,3.473,0.79,2.625,82,,,,,,,,,,,,,,,,,,,,,,,,,,,,,,,,,,,,,,,,,,,,,,,,,,,,,,,,,,,,,,,,,,,,,,,,,,1.167
392,3.484,0.594,2.317,4.652,0.068,3.351,3.617,0.82,2.72,82,,,,,,,,,,,,,,,,,,,,,,,,,,,,,,,,,,,,,,,,,,,,,,,,,,,,,,,,,,,,,,,,,,,,,,,,,,1.167
.,,,,,,,,,,,,,,,,,,,,,,,,,,,,,,,,,,,,,,,,,,,,,,,,,,,,,,,,,,,,,,,,,,,,,,,,,,,,,,,,,,,,






















Actual and Predicted -vs- Observation #,,,,,,,,,,,,,,,,,,,,,,,,,,,,,,,,,,,,,,,,,,,,,,,,,,,,,,,,,,,,,,,,,,,,,,,,,,,,,,,,,,,,


,,FALSE,,,,,,,,,,,,,,,,,,,,,,,,,,,,,,,,,,,,,,,,,,,,,,,,,,,,,,,,,,,,,,,,,,,,,,,,,,,,,,,,,,


















Residual -vs- Observation #,,,,,,,,,,,,,,,,,,,,,,,,,,,,,,,,,,,,,,,,,,,,,,,,,,,,,,,,,,,,,,,,,,,,,,,,,,,,,,,,,,,,





















Residual -vs- Predicted,,,,,,,,,,,,,,,,,,,,,,,,,,,,,,,,,,,,,,,,,,,,,,,,,,,,,,,,,,,,,,,,,,,,,,,,,,,,,,,,,,,,





















Histogram of Residuals,,,,,,,,,,,,,,,,,,,,,,,,,,,,,,,,,,,,,,,,,,,,,,,,,,,,,,,,,,,,,,,,,,,,,,,,,,,,,,,,,,,,





















Normal Quantile Plot,,,,,,,,,,,,,,,,,,,,,,,,,,,,,,,,,,,,,,,,,,,,,,,,,,,,,,,,,,,,,,,,,,,,,,,,,,,,,,,,,,,,























End of Output,,,,,,,,,,,,,,,,,,,,,,,,,,,,,,,,,,,,,,,,,,,,,,,,,,,,,,,,,,,,,,,,,,,,,,,,,,,,,,,,,,,,
Model:,Model.5.R,,,Mean:,R Script:,AutoMPG.Model.5.R.12.14.15.27.34.r,,,,12/14/2018 3:27:54 PM on FACDS414,,Color,Font,NoHeaders,NoGridlines,,,,,,,,,,
Dependent Variable:,,GallonsPer100Miles,,4.9125678,Out-of-sample test:  fixed with training set Year70To81 ,,,,,,,,,,,,,,,,,,,,
Independent Variables:,,,,,Variable selection:  all ,,,,,,,,,,,,,,,,,,,,
"Horsepower100,Weight1000lb,Year",,,,,,,,,,,,,,,,,,,,,,,,,
Equation:,,,,,,,,,,,,,,,,,,,,,,,,,
"Model.5.R <- lm( GallonsPer100Miles  ~  Horsepower100+Weight1000lb+Year ,data = AutoMPG)",,,,,,,,,,,,,,,,,,,,,,,,,

"Regression Statistics: Model.5.R for GallonsPer100Miles ( 3 variables,  n= 362 )",,,,,,,,,,,,,,,,,,,,,,,,,
,R-Squared,Adj.R-Sqr,Std.Err.Reg.,Std.Dep.Var,#Fitted,#Missing,Critical t,Confidence,,,,,,,,,,,,,,,,,
,0.875,0.874,0.590,1.659,362,0,1.967,95.0%,,,,,,,,,,,,,,,,,

"Coefficient Estimates: Model.5.R for GallonsPer100Miles ( 3 variables,  n= 362 )",,,,,,,,4,,,,,,,,,,,,,,,,,
Variable,Coefficient,Std.Err.,t statistic,P value,Lower95%,Upper95%,VIF,Std.Coeff.,,,,,,,,,,,,,,,,,
 Constant,10.208,0.794,12.856,0.000,8.647,11.770,0.000,0.000,,,,,,,,,,,,,,,,,
Horsepower100,0.763,0.165,4.624,0.000,0.439,1.088,4.362,0.181,,,,,,,,,,,,,,,,,
Weight1000lb,1.268,0.072,17.701,0.000,1.127,1.409,3.971,0.660,,,,,,,,,,,,,,,,,
Year,-0.132,0.010,-13.053,0.000,-0.152,-0.112,1.208,-0.268,,,,,,,,,,,,,,,,,

"Analysis of Variance: Model.5.R for GallonsPer100Miles ( 3 variables,  n= 362 )",,,,,,,,,,,,,,,,,,,,,,,,,
Source   ,Deg.Freedom,Sum Squares,Mean Square,F-statistic,P-value,,,,,,,,,,,,,,,,,,,,
Regression   ,3,869.107,289.702,832.882,0.000,,,,,,,,,,,,,,,,,,,,
Residual   ,358,124.523,0.348,,,,,,,,,,,,,,,,,,,,,,
Total   ,361,993.630,,,,,,,,,,,,,,,,,,,,,,,

"Error Distribution Statistics: Model.5.R for GallonsPer100Miles ( 3 variables,  n= 362 )",,,,,,,,,,,,,,,,,,,,,,,,,
,Mean Error,RMSE,MAE,Min,Max,MAPE,A-D* stat,,,,,,,,,,,,,,,,,,
Fitted (n= 362 ),0.000,0.587,0.431,-1.525,2.648,0.090,2.88 ( 0 ),,,,,,,,,,,,,,,,,,
Tested (n= 30 ),0.092,0.387,0.283,-1.250,0.800,,,,,,,,,,,,,,,,,,,,

Out-of-sample test:  fixed with training set Year70To81 ,,,,,,,,,,,,,,,,,,,,,,,,,
"Test RMSE/Train RMSE = 0.66 ,   Test StdDev/Train StdDev = 0.328",,,,,,,,,,,,,,,,,,,,,,,,,

"Test/Forecast Values:  Model.5.R  for  GallonsPer100Miles (3 variables, n=362)",,,,,,,,31,,,,,,,,,,,,,,,,,
Test Row#,Actual,Predicted,Lower95%,Upper95%,Std.Error.M,Residual,Std.Res.,AbsStdRes,,,,,,,,,,,,,,,,,
363,3.571,3.384,2.216,4.552,0.070,0.187,0.318,0.318,,,,,,,,,,,,,,,,,
364,3.704,3.428,2.261,4.596,0.069,0.275,0.467,0.467,,,,,,,,,,,,,,,,,
365,2.941,3.118,1.949,4.287,0.074,-0.177,-0.299,0.299,,,,,,,,,,,,,,,,,
366,3.226,3.323,2.155,4.491,0.069,-0.097,-0.165,0.165,,,,,,,,,,,,,,,,,
367,3.448,3.252,2.084,4.420,0.069,0.196,0.333,0.333,,,,,,,,,,,,,,,,,
368,3.704,3.564,2.397,4.732,0.069,0.139,0.236,0.236,,,,,,,,,,,,,,,,,
369,4.167,3.744,2.577,4.912,0.069,0.422,0.716,0.716,,,,,,,,,,,,,,,,,
370,2.778,2.485,1.315,3.655,0.078,0.293,0.497,0.497,,,,,,,,,,,,,,,,,
371,2.703,2.496,1.327,3.665,0.073,0.207,0.351,0.351,,,,,,,,,,,,,,,,,
372,3.226,2.426,1.257,3.595,0.075,0.800,1.356,1.356,,,,,,,,,,,,,,,,,
373,2.632,2.585,1.417,3.753,0.070,0.047,0.080,0.080,,,,,,,,,,,,,,,,,
374,2.778,2.638,1.470,3.806,0.072,0.140,0.237,0.237,,,,,,,,,,,,,,,,,
375,2.778,2.820,1.649,3.991,0.082,-0.042,-0.071,0.071,,,,,,,,,,,,,,,,,
376,2.778,2.778,1.609,3.946,0.072,0.000,0.000,0.000,,,,,,,,,,,,,,,,,
377,2.941,2.790,1.622,3.958,0.069,0.151,0.256,0.256,,,,,,,,,,,,,,,,,
378,2.632,2.412,1.243,3.581,0.075,0.219,0.372,0.372,,,,,,,,,,,,,,,,,
379,3.125,2.412,1.243,3.581,0.075,0.713,1.209,1.209,,,,,,,,,,,,,,,,,
380,2.632,2.450,1.281,3.619,0.074,0.181,0.308,0.308,,,,,,,,,,,,,,,,,
381,4.000,3.983,2.814,5.153,0.076,0.017,0.029,0.029,,,,,,,,,,,,,,,,,
382,2.632,3.881,2.713,5.049,0.070,-1.250,-2.119,2.119,,,,,,,,,,,,,,,,,
383,3.846,3.389,2.221,4.558,0.072,0.457,0.775,0.775,,,,,,,,,,,,,,,,,
384,4.545,3.859,2.688,5.030,0.080,0.687,1.164,1.164,,,,,,,,,,,,,,,,,
385,3.125,3.521,2.353,4.690,0.073,-0.396,-0.672,0.672,,,,,,,,,,,,,,,,,
386,2.778,3.056,1.887,4.224,0.072,-0.278,-0.471,0.471,,,,,,,,,,,,,,,,,
387,3.704,3.837,2.669,5.005,0.069,-0.133,-0.226,0.226,,,,,,,,,,,,,,,,,
388,3.704,3.603,2.436,4.771,0.068,0.100,0.170,0.170,,,,,,,,,,,,,,,,,
389,2.273,2.507,1.339,3.675,0.071,-0.234,-0.397,0.397,,,,,,,,,,,,,,,,,
390,3.125,2.960,1.791,4.129,0.075,0.165,0.279,0.279,,,,,,,,,,,,,,,,,
391,3.571,3.341,2.173,4.508,0.067,0.231,0.391,0.391,,,,,,,,,,,,,,,,,
392,3.226,3.484,2.317,4.652,0.068,-0.258,-0.438,0.438,,,,,,,,,,,,,,,,,


Summary of Regression Model Results,,,,,,,,,,,,Color,Font,,,,,,,
,"Model 1 (#vars=1, n=392, AdjRsq=0.783): GallonsPer100Miles << Weight1000lb","Model 2 (#vars=8, n=392, AdjRsq=0.884): GallonsPer100Miles << Cylinders, Displacement100ci, Horsepower100, Origin.Eq.2, Origin.Eq.3, Seconds0to60, Weight1000lb, Year","Model 3 (#vars=7, n=392, AdjRsq=0.883): GallonsPer100Miles << Cylinders, Horsepower100, Origin.Eq.2, Origin.Eq.3, Seconds0to60, Weight1000lb, Year","Model 4 (#vars=3, n=392, AdjRsq=0.88): GallonsPer100Miles << Horsepower100, Weight1000lb, Year",,,,,,,,,,,,,,,,
Linear Model For GallonsPer100Miles,Model 1,Model 2,Model 3,Model 4,,,,,,,,,,,,,,,,
Run Time,12/14/18 1:39 PM,12/14/18 1:42 PM,12/14/18 1:43 PM,12/14/18 1:45 PM,,,,,,,,,,,,,,,,
# Fitted,392,392,392,392,,,,,,,,,,,,,,,,
Mean,4.782,4.782,4.782,4.782,,,,,,,,,,,,,,,,
Standard Deviation,1.664,1.664,1.664,1.664,,,,,,,,,,,,,,,,
Number Of Variables,1,8,7,3,,,,,,,,,,,,,,,,
Standard Error of Regression,0.776,0.566,0.569,0.576,,,,,,,,,,,,,,,,
R-squared,0.783,0.887,0.885,0.881,,,,,,,,,,,,,,,,
Adjusted R-squared,0.783,0.884,0.883,0.880,,,,,,,,,,,,,,,,
Mean Absolute Error,0.579,0.417,0.412,0.419,,,,,,,,,,,,,,,,
Mean Absolute Percentage Error,13.1%,9.0%,8.9%,9.0%,,,,,,,,,,,,,,,,
Maximum VIF,,22.938,9.261,4.386,,,,,,,,,,,,,,,,
Normality Test, * * *  , * * *  , * * *  , * * *  ,,,,,,,,,,,,,,,,



  Coefficients:,Model 1,Model 2,Model 3,Model 4,,,,,,,,,,,,,,,,
 Constant,-0.380  (0.008),9.392  (0.000),9.481  (0.000),9.972  (0.000),,,,,,,,,,,,,,,,
Cylinders,,0.150  (0.007),0.063  (0.139),,,,,,,,,,,,,,,,,
Displacement100ci,,-0.323  (0.014),,,,,,,,,,,,,,,,,,
Horsepower100,,1.275  (0.000),1.105  (0.000),0.810  (0.000),,,,,,,,,,,,,,,,
Origin.Eq.2,,-0.296  (0.002),-0.214  (0.020),,,,,,,,,,,,,,,,,
Origin.Eq.3,,-0.203  (0.033),-0.130  (0.151),,,,,,,,,,,,,,,,,
Seconds0to60,,0.034  (0.041),0.039  (0.023),,,,,,,,,,,,,,,,,
Weight1000lb,1.734  (0.000),1.125  (0.000),1.013  (0.000),1.245  (0.000),,,,,,,,,,,,,,,,
Year,,-0.131  (0.000),-0.128  (0.000),-0.128  (0.000),,,,,,,,,,,,,,,,


,"Model 5 (#vars=3, n=362, AdjRsq=0.874): GallonsPer100MilesTo1981 << Horsepower100, Weight1000lb, Year",,,,,,,,,,,,,,,,,,,
Linear Model For GallonsPer100MilesTo1981,Model 5,,,,,,,,,,,,,,,,,,,
Run Time,12/14/18 2:14 PM,,,,,,,,,,,,,,,,,,,
# Fitted,362,,,,,,,,,,,,,,,,,,,
Mean,4.913,,,,,,,,,,,,,,,,,,,
Standard Deviation,1.659,,,,,,,,,,,,,,,,,,,
Number Of Variables,3,,,,,,,,,,,,,,,,,,,
Standard Error of Regression,0.590,,,,,,,,,,,,,,,,,,,
R-squared,0.875,,,,,,,,,,,,,,,,,,,
Adjusted R-squared,0.874,,,,,,,,,,,,,,,,,,,
Mean Absolute Error,0.431,,,,,,,,,,,,,,,,,,,
Mean Absolute Percentage Error,9.0%,,,,,,,,,,,,,,,,,,,
Maximum VIF,4.362,,,,,,,,,,,,,,,,,,,
Normality Test, * * *  ,,,,,,,,,,,,,,,,,,,



  Coefficients:,Model 5,,,,,,,,,,,,,,,,,,,
 Constant,10.208  (0.000),,,,,,,,,,,,,,,,,,,
Horsepower100,0.763  (0.000),,,,,,,,,,,,,,,,,,,
Weight1000lb,1.268  (0.000),,,,,,,,,,,,,,,,,,,
Year,-0.132  (0.000),,,,,,,,,,,,,,,,,,,



R Linear Model For GallonsPer100Miles,Model.5.R,,,,,,,,,,,,,,,,,,,
Run Time,12/14/18 3:27 PM,,,,,,,,,,,,,,,,,,,
# Fitted,362,,,,,,,,,,,,,,,,,,,
Mean,4.913,,,,,,,,,,,,,,,,,,,
Standard Deviation,1.659,,,,,,,,,,,,,,,,,,,
#Variables,3,,,,,,,,,,,,,,,,,,,
Standard Error of Regression,0.590,,,,,,,,,,,,,,,,,,,
R-squared,0.875,,,,,,,,,,,,,,,,,,,
Adjusted R-squared,0.874,,,,,,,,,,,,,,,,,,,
Mean Absolute Error,0.431,,,,,,,,,,,,,,,,,,,
Mean Absolute Percentage Error,9.0%,,,,,,,,,,,,,,,,,,,
Maximum VIF,4.362,,,,,,,,,,,,,,,,,,,
Normality Test, * * *  ,,,,,,,,,,,,,,,,,,,
Mean Absolute Scaled Error,,,,,,,,,,,,,,,,,,,,
Residual Autocorrelation,,,,,,,,,,,,,,,,,,,,
Train/Test Conditions,Year70To81/*,,,,,,,,,,,,,,,,,,,
# Tested,30,,,,,,,,,,,,,,,,,,,
Test Mean Error,0.092,,,,,,,,,,,,,,,,,,,
Test RMSE,0.387,,,,,,,,,,,,,,,,,,,

  Coefficients:,Model.5.R,,,,,,,,,,,,,,,,,,,
 Constant,10.208  (0.000),,,,,,,,,,,,,,,,,,,
Horsepower100,0.763  (0.000),,,,,,,,,,,,,,,,,,,
Weight1000lb,1.268  (0.000),,,,,,,,,,,,,,,,,,,
Year,-0.132  (0.000),,,,,,,,,,,,,,,,,,,
Some sources for this data:,,,,,,,,,,,,,,NoGridlines
https://www.kaggle.com/mkeldridge/auto-mpg/data,,,,,,,,,,,,,,
https://archive.ics.uci.edu/ml/machine-learning-databases/auto-mpg/auto-mpg.data,,,,,,,,,,,,,,
https://archive.ics.uci.edu/ml/machine-learning-databases/auto-mpg/auto-mpg.names,,,,,,,,,,,,,,
http://vincentarelbundock.github.io/Rdatasets/datasets.html,,,,,,,,,,,,,,

Official description:,,,,,,,,,,,,,,
1. Title: Auto-Mpg Data,,,,,,,,,,,,,,

2. Sources:,,,,,,,,,,,,,,
   (a) Origin:  This dataset was taken from the StatLib library which is,,,,,,,,,,,,,,
                maintained at Carnegie Mellon University. The dataset was ,,,,,,,,,,,,,,
                used in the 1983 American Statistical Association Exposition.,,,,,,,,,,,,,,
"   (c) Date: July 7, 1993",,,,,,,,,,,,,,

3. Past Usage:,,,,,,,,,,,,,,
    -  See 2b (above),,,,,,,,,,,,,,
"    -  Quinlan,R. (1993). Combining Instance-Based and Model-Based Learning.",,,,,,,,,,,,,,
       In Proceedings on the Tenth International Conference of Machine ,,,,,,,,,,,,,,
"       Learning, 236-243, University of Massachusetts, Amherst. Morgan",,,,,,,,,,,,,,
       Kaufmann.,,,,,,,,,,,,,,

4. Relevant Information:,,,,,,,,,,,,,,

   This dataset is a slightly modified version of the dataset provided in,,,,,,,,,,,,,,
   the StatLib library.  In line with the use by Ross Quinlan (1993) in,,,,,,,,,,,,,,
"   predicting the attribute ""mpg"", 8 of the original instances were removed ",,,,,,,,,,,,,,
"   because they had unknown values for the ""mpg"" attribute.  The original ",,,,,,,,,,,,,,
"   dataset is available in the file ""auto-mpg.data-original"".",,,,,,,,,,,,,,

"   ""The data concerns city-cycle fuel consumption in miles per gallon,",,,,,,,,,,,,,,
    to be predicted in terms of 3 multivalued discrete and 5 continuous,,,,,,,,,,,,,,
"    attributes."" (Quinlan, 1993)",,,,,,,,,,,,,,

5. Number of Instances: 398,,,,,,,,,,,,,,

6. Number of Attributes: 9 including the class attribute,,,,,,,,,,,,,,

7. Attribute Information:,,,,,,,,,,,,,,

    1. mpg:           continuous,,,,,,,,,,,,,,
    2. cylinders:     multi-valued discrete,,,,,,,,,,,,,,
    3. displacement:  continuous,,,,,,,,,,,,,,
    4. horsepower:    continuous,,,,,,,,,,,,,,
    5. weight:        continuous,,,,,,,,,,,,,,
    6. acceleration:  continuous,,,,,,,,,,,,,,
    7. model year:    multi-valued discrete,,,,,,,,,,,,,,
    8. origin:        multi-valued discrete,,,,,,,,,,,,,,
    9. car name:      string (unique for each instance),,,,,,,,,,,,,,
